{"url":{"0":"https:\/\/www.youtube.com\/watch?v=_gg5_gFP0gQ","1":"https:\/\/www.youtube.com\/watch?v=b595GUmBOQ4","2":"https:\/\/www.youtube.com\/watch?v=7F2LkS3jpPA","3":"https:\/\/www.youtube.com\/watch?v=de6Q0I4yMI8","4":"https:\/\/www.youtube.com\/watch?v=g-0k8syANzI","5":"https:\/\/www.youtube.com\/watch?v=JjWRNtBorMw","6":"https:\/\/www.youtube.com\/watch?v=RDZeIFSdNdQ","7":"https:\/\/www.youtube.com\/watch?v=Wl_t3Qj_3rk","8":"https:\/\/www.youtube.com\/watch?v=jkngyZjRETs","9":"https:\/\/www.youtube.com\/watch?v=IiqhMNPWGEs","10":"https:\/\/www.youtube.com\/watch?v=5aTjC_f0PM0","11":"https:\/\/www.youtube.com\/watch?v=-1rEsrEau7I","12":"https:\/\/www.youtube.com\/watch?v=gEIP87k75aU","13":"https:\/\/www.youtube.com\/watch?v=rp56yKfIkmo","14":"https:\/\/www.youtube.com\/watch?v=PFrOxB5NyJw","15":"https:\/\/www.youtube.com\/watch?v=d23I96P22BA","16":"https:\/\/www.youtube.com\/watch?v=_8S0b9HhI2Y","17":"https:\/\/www.youtube.com\/watch?v=kt9Zh1uz63o","18":"https:\/\/www.youtube.com\/watch?v=LOjU3jWiXtI","19":"https:\/\/www.youtube.com\/watch?v=FSNE3gZaTIw","20":"https:\/\/www.youtube.com\/watch?v=4TETGIyvfS4","21":"https:\/\/www.youtube.com\/watch?v=Kr-2KprTbc0","22":"https:\/\/www.youtube.com\/watch?v=c_x9izckxBk","23":"https:\/\/www.youtube.com\/watch?v=GrF_CJRCDsk","24":"https:\/\/www.youtube.com\/watch?v=6m0amaGV1ak","25":"https:\/\/www.youtube.com\/watch?v=NCZwoMcgk50","26":"https:\/\/www.youtube.com\/watch?v=mShc1lOYXvU","27":"https:\/\/www.youtube.com\/watch?v=cMMCz3C1E7A","28":"https:\/\/www.youtube.com\/watch?v=pOqT7yczlj4","29":"https:\/\/www.youtube.com\/watch?v=s1WQ0eEpqqg","30":"https:\/\/www.youtube.com\/watch?v=JrZfUktGano","31":"https:\/\/www.youtube.com\/watch?v=Ji0lePu7NX0","32":"https:\/\/www.youtube.com\/watch?v=Yz1CsZVS6FQ","33":"https:\/\/www.youtube.com\/watch?v=3vs-gk9evzw","34":"https:\/\/www.youtube.com\/watch?v=KaND-BQ62II","35":"https:\/\/www.youtube.com\/watch?v=qcIotzhNLDU","36":"https:\/\/www.youtube.com\/watch?v=nAeFbJ_EXOo","37":"https:\/\/www.youtube.com\/watch?v=nSbxyFQaLk8","38":"https:\/\/www.youtube.com\/watch?v=O6-6VfPBNjE"},"title":{"0":"Javascript marathon | Live classes on youtube","1":"That\u2019s how we roll at Hackathon @iNeuron Intelligence","2":"A really BIG announcement | remote jobs and LCO","3":"Don't use ANY in typescript","4":"Javascript Marathon | Mystery of numbers","5":"Typescript is not what you think","6":"An Experiment","7":"Just another random live !","8":"Appwrite crash course | Open Source Backend as a Service | Reactjs","9":"Learn backend development with Prisma and mongodb","10":"iNeuron and NativeBase present Hackathon 4.0 | 24 hour Live","11":"Javascript Marathon - Day 1 | Introduction and lexical structure","12":"Your first intro to typescript docs","13":"Complete iOS developer course","14":"Javascript Marathon | Symbols and Global Objects","15":"Hackathon result live | @ineuron | @github","16":"Canon EOS R5C unboxing | 8K","17":"Easiest User Social login with Frontegg and react","18":"CoderCommunity.io | building biggest coder community","19":"Join me up in Full stack javascript Job guarantee bootcamp","20":"Hackathon with jetbrains","21":"What the BUN | it's all about speed","22":"Hackathon by iNeuron | Official Partner JetBrains | Technology Partner Touchlab","23":"Inviting all Javascript developers | NativeBase Hackathon","24":"Meet creator of FastAPI | Sebasti\u00e1n Ram\u00edrez Monta\u00f1o","25":"Put your IMPACT, write more code | @iNeuron Intelligence","26":"Meet Co-Founder of Frontegg | Aviad Mizrachi","27":"The most fun live \ud83d\ude01","28":"How to install and setup Appwrite locally","29":"How to install Mongodb 5 | latest MAC installation","30":"Number, boolean and type inference","31":"DSA for FAANG | System Design | Python | Javascript","32":"Javascript Marathon | Strings and Regex","33":"A frontend code game changer \ud83d\udd25","34":"Live hackathon with jetbrains","35":"Learn backend development with Prisma and mongodb | part 2","36":"Live support and free seats","37":"This will change ed-tech","38":"Let's learn Tailwind | live"},"likes":{"0":"1.2K","1":"194","2":"1.5K","3":"219","4":"891","5":"307","6":"607","7":"405","8":"333","9":"518","10":"207","11":"3.2K","12":"210","13":"493","14":"528","15":"1K","16":"206","17":"331","18":"676","19":"384","20":"231","21":"551","22":"225","23":"433","24":"406","25":"565","26":"244","27":"605","28":"189","29":"221","30":"148","31":"696","32":"731","33":"962","34":"119","35":"215","36":"653","37":"785","38":"408"},"number_of_comments":{"0":"90","1":"11","2":"149","3":"13","4":"43","5":"25","6":"65","7":"9","8":"39","9":"19","10":"4","11":"106","12":"34","13":"142","14":"26","15":"33","16":"43","17":"37","18":"97","19":"50","20":"10","21":"34","22":"6","23":"49","24":"22","25":"50","26":"50","27":"50","28":"50","29":"50","30":"50","31":"50","32":"50","33":"50","34":"50","35":"50","36":"50","37":"50","38":"50"},"thumbnail":{"0":"http:\/\/img.youtube.com\/vi\/_gg5_gFP0gQ\/maxresdefault.jpg","1":"http:\/\/img.youtube.com\/vi\/b595GUmBOQ4\/maxresdefault.jpg","2":"http:\/\/img.youtube.com\/vi\/7F2LkS3jpPA\/maxresdefault.jpg","3":"http:\/\/img.youtube.com\/vi\/de6Q0I4yMI8\/maxresdefault.jpg","4":"http:\/\/img.youtube.com\/vi\/g-0k8syANzI\/maxresdefault.jpg","5":"http:\/\/img.youtube.com\/vi\/JjWRNtBorMw\/maxresdefault.jpg","6":"http:\/\/img.youtube.com\/vi\/RDZeIFSdNdQ\/maxresdefault.jpg","7":"http:\/\/img.youtube.com\/vi\/Wl_t3Qj_3rk\/maxresdefault.jpg","8":"http:\/\/img.youtube.com\/vi\/jkngyZjRETs\/maxresdefault.jpg","9":"http:\/\/img.youtube.com\/vi\/IiqhMNPWGEs\/maxresdefault.jpg","10":"http:\/\/img.youtube.com\/vi\/5aTjC_f0PM0\/maxresdefault.jpg","11":"http:\/\/img.youtube.com\/vi\/-1rEsrEau7I\/maxresdefault.jpg","12":"http:\/\/img.youtube.com\/vi\/gEIP87k75aU\/maxresdefault.jpg","13":"http:\/\/img.youtube.com\/vi\/rp56yKfIkmo\/maxresdefault.jpg","14":"http:\/\/img.youtube.com\/vi\/PFrOxB5NyJw\/maxresdefault.jpg","15":"http:\/\/img.youtube.com\/vi\/d23I96P22BA\/maxresdefault.jpg","16":"http:\/\/img.youtube.com\/vi\/_8S0b9HhI2Y\/maxresdefault.jpg","17":"http:\/\/img.youtube.com\/vi\/kt9Zh1uz63o\/maxresdefault.jpg","18":"http:\/\/img.youtube.com\/vi\/LOjU3jWiXtI\/maxresdefault.jpg","19":"http:\/\/img.youtube.com\/vi\/FSNE3gZaTIw\/maxresdefault.jpg","20":"http:\/\/img.youtube.com\/vi\/4TETGIyvfS4\/maxresdefault.jpg","21":"http:\/\/img.youtube.com\/vi\/Kr-2KprTbc0\/maxresdefault.jpg","22":"http:\/\/img.youtube.com\/vi\/c_x9izckxBk\/maxresdefault.jpg","23":"http:\/\/img.youtube.com\/vi\/GrF_CJRCDsk\/maxresdefault.jpg","24":"http:\/\/img.youtube.com\/vi\/6m0amaGV1ak\/maxresdefault.jpg","25":"http:\/\/img.youtube.com\/vi\/NCZwoMcgk50\/maxresdefault.jpg","26":"http:\/\/img.youtube.com\/vi\/mShc1lOYXvU\/maxresdefault.jpg","27":"http:\/\/img.youtube.com\/vi\/cMMCz3C1E7A\/maxresdefault.jpg","28":"http:\/\/img.youtube.com\/vi\/pOqT7yczlj4\/maxresdefault.jpg","29":"http:\/\/img.youtube.com\/vi\/s1WQ0eEpqqg\/maxresdefault.jpg","30":"http:\/\/img.youtube.com\/vi\/JrZfUktGano\/maxresdefault.jpg","31":"http:\/\/img.youtube.com\/vi\/Ji0lePu7NX0\/maxresdefault.jpg","32":"http:\/\/img.youtube.com\/vi\/Yz1CsZVS6FQ\/maxresdefault.jpg","33":"http:\/\/img.youtube.com\/vi\/3vs-gk9evzw\/maxresdefault.jpg","34":"http:\/\/img.youtube.com\/vi\/KaND-BQ62II\/maxresdefault.jpg","35":"http:\/\/img.youtube.com\/vi\/qcIotzhNLDU\/maxresdefault.jpg","36":"http:\/\/img.youtube.com\/vi\/nAeFbJ_EXOo\/maxresdefault.jpg","37":"http:\/\/img.youtube.com\/vi\/nSbxyFQaLk8\/maxresdefault.jpg","38":"http:\/\/img.youtube.com\/vi\/O6-6VfPBNjE\/maxresdefault.jpg"},"S3_Bucket_URL":{"0":"None","1":"None","2":"None","3":"None","4":"None","5":"None","6":"None","7":"None","8":"None","9":"None","10":"None","11":"None","12":"None","13":"None","14":"None","15":"None","16":"None","17":"None","18":"None","19":"None","20":"None","21":"None","22":"None","23":"None","24":"None","25":"None","26":"None","27":"None","28":"None","29":"None","30":"None","31":"None","32":"None","33":"None","34":"None","35":"None","36":"None","37":"None","38":"None"},"comments":{"0":[{"name":"","comment":"For course assets such as code files and study material, please join here for free:\nhttps:\/\/courses.ineuron.ai\/JavaScript-Marathon"},{"name":"jayant.lohani","comment":"Just yesterday, i was struggling a bit with the objects concept in the LCO's JS course. This marathon will be amazing. Looking forward to learn"},{"name":"Advait Trivedi","comment":"Great Sir, highly appreciate your efforts  Preparing for interviews and all of the in depth Javascript revision is really helpful "},{"name":"shaquib khan","comment":"A very positive initiative for all the JS lovers here. Looking eagerly ahead for this series to start."},{"name":"SK","comment":"Hi Sir, thank you so much for your efforts \ufe0f can you please include basics to advanced in this marathon, really struggling with concepts, also some tricks in javascript."},{"name":"Jayed Rashid","comment":"Outstanding!  Excellent!  Million thanks for taking this awesome initiative. "},{"name":"elon musk","comment":"wow! super excited for this..will definitely watch every video from now to learn more. Thanks a lot for providing such valuable content for free.."},{"name":"Hrutik Dhumal","comment":"God just blessed programmers with this man \ufe0f"},{"name":"KUMAR SARVESH","comment":"Every video is quite surprising, and  amazing to watch, love u sir !"},{"name":"Vinay Patil","comment":"OP Sir , waiting for marathon .....\n\nPlease bring something like this with Reactjs marathon after completing Javascript marathon"},{"name":"Raghav Tiwari","comment":"WOW! that is what I was waiting for sir thank you!"},{"name":"Abbay Rai","comment":"Can't thank you more Sir "},{"name":"MD NAWAZISH ALAM","comment":"Can't thankyou enough for this awesome course  "},{"name":"Rohan Agrawal","comment":"This man is iron man of coding community... Always do something for community"},{"name":"Ahmad Bin Waris","comment":"A very good initiative from your side now we all have to put efforts to make it successful."},{"name":"nisha metri","comment":"Thank you so much for this sir!! Really excited to learn JS."},{"name":"Pooja zadgaonkar","comment":"thank you so much for this great efforts for us...god bless you"},{"name":"SHIVANSH PATEL","comment":"This is what i needed thank u hitesh "},{"name":"Ankita Panjwani","comment":"Exactly needed this series! "},{"name":"Ankit Shaw","comment":"Believe me this edtech industry has give really new meaning to \" marathons\"."},{"name":"Asadullah All Mamun","comment":"New to your Channel. If you provide us all this information you told already. We will be grateful to you"},{"name":"Vikas 0018","comment":"I just requested him about it few hrs back n here my mentor is with the big announcement. Tq Bhaiya"},{"name":"Stiphen Robert","comment":"Being a mern stack developer i am so fcking excited"},{"name":"Priya Pandey","comment":"Thank you sir.I am excited about it."},{"name":"Haidarali Masu","comment":"Hi sir as it is advance so can you please cover some of the typescript"},{"name":"Wasim Raja Middya","comment":"Will you teach the libraries and fretwork of JS also?"},{"name":"Patel Ronak","comment":"Amazing Course"},{"name":"Sujit Sarkar","comment":"Waiting for data structures and algorithms, since there are very few resources where JavaScript is using for data structures and algorithms."},{"name":"Arpan Das","comment":"Amazing idea."},{"name":"Saurabh Kumar","comment":"When you think something hitesh sir comes with it"},{"name":"Vinay Kumar Karusala","comment":"looking forward to learn"},{"name":"NMV","comment":"What is difference between this and full stack js course"},{"name":"parth trivedi","comment":"Include some end to end projects also..."},{"name":"Nadeem Rza","comment":"Good one hitesh..i am looking forward for it.."},{"name":"heatengine","comment":"which coding plateform should I use?"},{"name":"abhay Patil","comment":"You are amazing bro just want to say you are messiah"},{"name":"Vijay Chauhan","comment":"what is the class timing sir ..? can anyone tell me ..?"},{"name":"Vrijesh Patel","comment":"When will the javascript bootcamp start? i have already in enrolled myself."},{"name":"Udit Kundu","comment":"Thanks sir "},{"name":"CHE tan","comment":"I followed your javascript playlist how much difference it will be"},{"name":"Akshay S Rajan","comment":"Thanks a lot \ufe0f"},{"name":"ZenxD","comment":"Tysm sir!"},{"name":"KETAN JADHAV","comment":"When this JS series going to start?"},{"name":"Public Vlog","comment":"level... thanks man"},{"name":"Yashvi Soni","comment":"Iam a biggest fan of you sir"},{"name":"Ritik Gupta","comment":"Thank You so so much."},{"name":"Rishabh Shrivastav","comment":"Hey, I'm a beginner hope it'll help me to"},{"name":"Pradeep Sharma","comment":"Super excited "},{"name":"Rajesh Bhattarai","comment":"Woohooooo. This is gonna be Awesome....."},{"name":"Anmol Pokhrel","comment":"This will be a "},{"name":"asit mondal","comment":"Wow "},{"name":"Abhay Tiwari","comment":"Thanks sir"},{"name":"Rishi Raj","comment":""},{"name":"haan_rey","comment":"I bought your Full Stack JS course  !"},{"name":"Nikhil Bhosale","comment":"Thank You Soo... Much"},{"name":"pile333","comment":""},{"name":"Yash Manisha","comment":"Thank you Hitesh bhai"},{"name":"Syed Sohail Ahmed","comment":"Thank you"},{"name":"dhanush holla","comment":""},{"name":"Sami Khan","comment":"Lets Goooooo"},{"name":"Zubair Shabir","comment":"just enrolled  for this on ineuron before the video"},{"name":"Ayush sharma\ud83c\udf41\u20b9","comment":"Please make Hind video for your  Hind fan club please if it's possible "},{"name":"MJDev","comment":"DSA python"},{"name":"Edujee","comment":"Too excited"},{"name":"Hackerstreet","comment":"From js beginning"},{"name":"Universal Facts","comment":"Is this from strach "},{"name":"Constant Learner","comment":":)"},{"name":"Ganesh Agrawal","comment":"\ufe0f"},{"name":"Anil Sethi","comment":""},{"name":"shashank hirwani","comment":"i just doubt the weather, seriously!!!"},{"name":"Naimul Islam","comment":"Yay!!!!"},{"name":"saurabhggc","comment":"Aaaaa you have hired a manager for YouTube, but why he doesn't tell you to title case the title of the video."},{"name":"Saadat Badgujar","comment":"Enrolled!"},{"name":"Goutam Reddy","comment":"What are the Mac Book competitions.. ?? \n\nI need MacBook badley.."},{"name":"Ankan Kumar Ghosh","comment":"waiting"},{"name":"Bala Ganesh","comment":"Hey sirrr"},{"name":"GOPAL LOHAR","comment":"Excited"},{"name":"mutasim ahmed","comment":"Need react react react"},{"name":"Murugaraju Perumalla","comment":"\u307e\u3045\u3066\u307e\u3057\u305f"},{"name":"","comment":"Start also web3."},{"name":"avinash software solutions","comment":"First view"},{"name":"Manish Kumar","comment":"I need a love reaction"},{"name":"avinash software solutions","comment":"Tlfirst"},{"name":"Amit kandari","comment":"Console.log(\"hum first hum first\");"}],"1":[{"name":"VA coder [ Tech ]","comment":"Will there be more hackathons after jetbrains like pumped for all of these....!!!"},{"name":"Samrat S K","comment":"Can you please tell us the github hackathon problem statement?"},{"name":"Continuum Academy","comment":"Waoooooo....... Full change \ufe0f\ufe0f"},{"name":"Praxss","comment":"Can you make summary of it?"},{"name":"Sanyam Jain","comment":"Please bring algorithms roadmap video"},{"name":"Yogesh Jangir","comment":"Is Computer or laptop  available here or not,  or we to carry own laptop for Hackathon"},{"name":"Ajay Saravade","comment":"First view"}],"2":[{"name":"","comment":"I have already answered a lot of possible question. Please be a good listener first and it will solve most of your doubts. \nLink to apply for remote role at LCO doubt support\nhttps:\/\/forms.gle\/c4LryVS1bsr2f5zY6\n Get LCO Pro here\nRead more"},{"name":"Travelsoul uttrakhand","comment":"Hitesh achieved NIRVANA level.\nNo more Hunger for money.\nJust doing the stuff he loves \nLove You "},{"name":"vikram urs","comment":"I'm loving your approach towards continuing LCO legacy..\nLCO is truly an emotion for me....it has added a lot of value into my life....\nThank you hitesh for all the great work you do..."},{"name":"Abhay Anand","comment":"thanks for such efforts hitesh sir and a wonderful gift. To be honest I was really gonna buy pro subscription again next month bt your gift made me really soo much happy i can continue forward. Thanks a lot hitesh sir and I'll try my this final year in my college to get best job just because of your help!"},{"name":"rithvik reddy","comment":"You are the person who really care about middle class people .. thanks a ton sir!"},{"name":"Qwerty Ali","comment":"Thanks for thinking about we \"new\" webD students sir. Much love  "},{"name":"shravan kaul","comment":"Thank you for the generous gift for your javascript bootcamp joinees!!\nKudos to your spirit, Hitesh!"},{"name":"Frederic Guerra","comment":"Hello, I love the idea to provide quality education to the most possible people.. It's a really nice and honor full idea.. Hope to see you in France maybe someday!\nHappy to be part of this positi energy.."},{"name":"Vaibhav Naik","comment":"On the occasion of guru poornima I would like to congratulate the edtech teachers from whom I learnt programming. Hitesh ji you are also one among them.\n\nSo happy guru poornima to you as well."},{"name":"Tensor #","comment":"Amazing opportunities !!! I Liked your efforts of giving back to community."},{"name":"MUTHU VALLI 3","comment":"Getting some freshness and energy when you are talking about our \"LCO\" HITESH SIR..."},{"name":"Ravinder Singh","comment":"Thank you sir for what you doing for us "},{"name":"yash rajan shukla","comment":"Look at the quality look at the color grading look at the lighting.. wow! You are setting high class benchmarks.. truly appreciating."},{"name":"Abhishek Das","comment":"LCO pro is the killer deal almost letting you learn anything  what a wonderful gift."},{"name":"Daniel William","comment":"Gosh yaar! This is so generous of you. I wish I had found you a year back before when I took a course elsewhere. Your videos on YouTube are super helpful and motivational.\n\nThank you for your work."},{"name":"Sourabh Mahato","comment":"Much love sir, LCO will always be emotion for me. "},{"name":"chakravarthi tangella","comment":"Thanks a lot Hitesh, for your support. We won't let you down.\ufe0f"},{"name":"N Ashish","comment":"sir Thankyou so much that you are providing courses at very low rates... i want to learn full stack....but i can see 2 courses on ur website which one is good......1.fullstack with django and react., 2.full stack django  freelance ready"},{"name":"Develop & Chill.","comment":"Sir thanks for the LOC pro \nEnrolling in full stack javascript developer bootcamp is great decision, looking forward to learn more from you."},{"name":"Mujtaba M","comment":"LCO is an emotion!"},{"name":"Vipul Jain","comment":"Kudos to your efforts! Happy Guru purnima sir ! "},{"name":"Saurabh Sikoria","comment":"Always helping the community."},{"name":"Ponmurali Jeyaprakasam","comment":"Thanks Hitesh I am murali from maduraitamil nadu very thankful to you for LCO pro i am already a part LCO + Full Stack JS course of you i am follower of you once course is done i want to work with you in remote its my goal"},{"name":"Abhishek Yadav","comment":"That's a really great step\ufe0f"},{"name":"Ayush Vanvary","comment":"LCO is Marvel Studios acquired by Disney(iNeuron) best two Merger of all time."},{"name":"","comment":"A video with good vibes \ufe0f\n#LCOOOOOOOOOOOOOO"},{"name":"Rishu srivastava","comment":"this is amazing sir you are great and thanks for lco pro subscription i am really excited  learn from you"},{"name":"India Travel Vlogs","comment":"Keep it up! You are like God for indians"},{"name":"Gilbish Kosma","comment":"Thanks for extanding the LCO Pro subscription "},{"name":"Murtaza Rangwala","comment":"This will help me alot. I will learn more with new learners."},{"name":"Aniruddha Das","comment":"Great News sir! Thanks for the LCO pro !"},{"name":"Viru Sutar","comment":"I started loving this guy more than my gf "},{"name":"Bittu Kumar","comment":"Hi Hitesh How are you???\nYour teaching style is good but some time you skip the important topics"},{"name":"Rushikesh ganesh","comment":"Amazing "},{"name":"Hope","comment":"Please bring tests or competitions for development"},{"name":"PRATEEK JHA","comment":"Great Oppertunity.."},{"name":"Abhishek C. Pathak","comment":"This man will definitely challenge Elon Musk in coming years.. \ufe0f"},{"name":"harsh bhaksaar","comment":"Hello sir big fan of yours...Please make a course on Devops. "},{"name":"Ratnadeep Saha","comment":""},{"name":"Praxss","comment":"4:35 Just one suggestion\/question regarding that remote job for answering doubts,\n\nCan that not happen on Reddit or something, so that more people can join and give answers to questions and of course it will be without charging money. \nRead more"},{"name":"Abhijeet Jadhav","comment":"Thank you so much Sir\ufe0f"},{"name":"P S Patro","comment":"Kindly make the videos of devops and azure day to day activities and internships and hands on projects and roadmap. Make the video of remote work in india and outside india jobs."},{"name":"Nitin Gupta","comment":"Sir I an am experienced Android developer and want to learn from you how can I join you.?"},{"name":"Asif Khan","comment":"Hope for a free blockchain course in LCO"},{"name":"Sahil Fruitwala","comment":"Back to good old plain tshirt "},{"name":"pankaj thakur","comment":"Feedback for iNeuron:Please revert  to old Ui,\nYour new ui is quite messy and confusing while accessing course content\nAlso remove the unnecessary videos added to a particular course by some other creator"},{"name":"URMIL\u2764\ufe0f","comment":"Thank you sirG \ufe0f"},{"name":"Vignesh .V","comment":"Hey Hitesh,\nWhy you are not taking anything about angular updates.\nPlease make a video on that.\nRead more"},{"name":"Kalimuri Gangadhar","comment":"LCO long live "},{"name":"DEEPAK DHYANI","comment":"Hitesh-Do you have Freelance\/part time jobs?"},{"name":"Quote Shades","comment":"Thanks aaaaa lottttttt... So many good news...\ufe0f\ufe0f\ufe0f"},{"name":"Shyy Gamer","comment":"This was sad update for me i was about to buy pro this  week and this happened "},{"name":"Red Crow Crow","comment":"Damn i was going to buy lco pro this week since my exam just finished. Sir please please take registration atleast for 1 day i am willing to give 5k i can stretch this much only. Please please sir just one request if i knew i would have bought it early."},{"name":"Tejas","comment":"Thanks a lot sir."},{"name":"INDIAN ARMY","comment":"can you please cut down Django and python course prices..."},{"name":"Nupura Brahme","comment":"Thanks a lot.."},{"name":"Shankar Dinesh","comment":"Hi Hitesh, remote job apply is no longer access while trying to apply, is the hiring closed for the role?"},{"name":"Nikhil Bhosale","comment":"Thank You So Much  sir"},{"name":"Ritik Gupta","comment":"Thank you very much sir"},{"name":"Madhusudhan","comment":"Great thanks for updates"},{"name":"Mangesh Thakre","comment":"Thankyou so much sir"},{"name":"Praveen","comment":"Please  create videos apache spark, scala and airflow  .Request  you to please  create"},{"name":"The Indian View","comment":"thank you so much sir"},{"name":"YouAndImpact","comment":"Amazing "},{"name":"Rishabh Dhawad","comment":"LCO ki jai ho "},{"name":"voice","comment":"is LCO free for other courses of iNeuron?"},{"name":"Vaibhav Pandey","comment":"Wow "},{"name":"girish sharma","comment":"Wow thanks. For pro excess"},{"name":"Rohan Choudhary","comment":"I had purchased LCO PRO  6 months Subscription? expiring On 22nd July, 2022 will it be extended?"},{"name":"Shashank Mishra","comment":"sleek and simple grey again!"},{"name":"Avishkar Live","comment":"amazing sir"},{"name":"Shyamendra Hazra","comment":"Excited very much sir "},{"name":"Anuj Kumar..","comment":"Sir your course available in hindi or not."},{"name":"Harshit Kumar","comment":"The monthly one you giving that to person who tops ...he already knows the stuff other people needs it"},{"name":"nagma firdoush","comment":"Can you have more opening for the remote role #Hitesh Choudhary"},{"name":"karyaken","comment":"Nice 1 hitesh but also give the once who joined job guarantee javascript life time Tech neuron subscription  "},{"name":"jitender singh","comment":"Thank you soo mchh hitesh sir today i enroll in your js bootcamp just bcz of u sir but as you said i didnt get any email regarding lco subscription"},{"name":"Haidar Shaik","comment":"@hitesh can I buy now JavaScript course ."},{"name":"Dinesh Rout","comment":"Did mern bootcamp almost 80%...completing it, and applying ASAP."},{"name":"Rushikesh ganesh","comment":"Thanks alot"},{"name":"Hope","comment":"Wohooo\n\nBut i have got a job after doing lco pro so can't join. Sadly. But I'm very happy"},{"name":"Hutyappa With Sunil","comment":"Link is not working to apply for remote role."},{"name":"bob mishra","comment":"Take care of your eye sir"},{"name":"KUMAR SARVESH","comment":"Was waiting for it for a while,"},{"name":"Amit Kumar","comment":""},{"name":"yoan bello","comment":"Hello when is back Javascript marathon"},{"name":"shumaila sami","comment":"I didn't get this increased validity on my courses."},{"name":"Aman - TheCompSciGuy","comment":"I hope iNeuron ko ab koi business minded edtech giant na acquire karle price bdhane k liye. Quality+Affordable = Hitesh gang"},{"name":"Vivek Maurya","comment":"\ufe0f\ufe0f"},{"name":"Devansh Singh Parmar","comment":"Sir, I follow you from years, Never saw your eyes in this condition left one, please have a checkup."},{"name":"Chetankumar Bhagavantgoudra","comment":""},{"name":"Varad Gauthankar","comment":"Form is no longer accepting response"},{"name":"harsh","comment":"Wow......"},{"name":"Hameed Asmath","comment":"Niceee"},{"name":"Aditya Jindal","comment":"sir, what happened to your eye?\nare you doing okay?"},{"name":"Abhi Vishwa Vlogs","comment":"Just say wow"},{"name":"Bishal Nandi","comment":"Sir I enrolled in the Javascript Bootcamp on 10th July but I am unable to access LCO  "},{"name":"Tech-Man","comment":"The form is closed, not able to apply."},{"name":"Tech Life Journal","comment":"3:23 yeah bois moment"},{"name":"Namaste coders","comment":"I am a member of full stack bootcamp"},{"name":"Goutam Reddy","comment":"Some nice is coming from your Mike.."},{"name":"Rohan Agrawal","comment":"I love you sir"},{"name":"Debadrita Ghosh","comment":"Yayyy!!! Free Subscription "},{"name":"CHE tan","comment":"Sir aap kuch jyada he Dil dar nahi banre ?"},{"name":"Gautam Nath","comment":"wohoo "},{"name":"Shaheem PP","comment":"Forms is not working"},{"name":"Srikanth Racharla","comment":"What happen Hitesh for your left eye \ufe0f"},{"name":"Scripty Vijay","comment":"Hi Hitesh It's showing expired :("},{"name":"Namaste coders","comment":"Thankssssssssssssssssssssssssssssssssssssssssssssssssssssssssssssssssssssssssssss"},{"name":"Saviour Seelan","comment":"Form not working bro , what can I do"},{"name":"Shubham Chauhan","comment":"not the first one but someone viewing after 12 min of release"},{"name":"Raju Webdev","comment":"1st view sir "},{"name":"Yashi EL","comment":"Only Indians can sign up, I guess. No other way to sign up, I'm from Sri Lanka."},{"name":"lenin singh","comment":"some course are not accessible like nodejs course. is it not available to anyone?"},{"name":"Namaste coders","comment":"Love Youuuuuuuuuuuuuuuuuuuuuuuuuuuuuuuuuuuuuuuuu"},{"name":"Subhash Chaudhary","comment":"Wth !! Are you serious? One more year?"},{"name":"Namaste coders","comment":"wawwwwwwwwwwwwwwwwwwwwwwwwwwwwwwwwwwwwwwww"},{"name":"Mihir Adarsh","comment":"First"},{"name":"Ujjawal Chatterjee","comment":"Your left eye looks tired and red. Take care."},{"name":"Faizal. dev","comment":"Sir your right eyes looks red"},{"name":"NIKHIL KUMAR","comment":"Nothing for user who have purchased ineuron subscription"},{"name":"Muhsin Abbas","comment":"Miss fill form bad luck"},{"name":"Chandni Dalal","comment":"What happened to your right eye?"},{"name":"Tech Life Journal","comment":"0:35 your right eye is so red. take care buddy"},{"name":"Abhishek Surela","comment":"I'm sorry to ask what just happened with your eyes?"},{"name":"Harjot Singh","comment":"Thank you sir for LCO pro surprise i am really great full for this kind gesture \ud83e\udd79 pls pls pls sir its a request make a IOS bootcamp as well"}],"3":[{"name":"","comment":"Please share this series with your friends group. Let's learn together"},{"name":"Anirudh","comment":"Very useful "},{"name":"Hey K","comment":"Loved it "},{"name":"Ankush Ladani","comment":"Thank you sir...."},{"name":"Abhi Jha","comment":"Does anyone know name of this vs code theme ?"},{"name":"frank","comment":"am waiting for next video...."},{"name":"Kiran Poojary","comment":"Waiting  for video"},{"name":"shubham sharma","comment":"I just watched the last video and here I am again in the next video"},{"name":"Mohammad Talha","comment":"I got addicted to *Typescript by Hitesh Chaudhary*"}],"4":[{"name":"Shaik Imran","comment":"Learning from the best  Thanks for sharing your knowledge."},{"name":"Sakyb","comment":"Thank for sharing your knowledge!! Really appreciate it! \ufe0f keep them coming!"},{"name":"Sofi","comment":"Thankyou sir for this class,,,,I have done your react-native course but still need to improve core js stuff"},{"name":"Pawel","comment":"Sir, give \"Jellyfish theme\" for vscode a try, you might end up using it for a very long time. Highly Recommended"},{"name":"Gulam Ansari","comment":"I am here to learn from the Best. Following you from last 2 years.. Wish I will have that enthusiasm one day.\n@Hitesh Choudhary"},{"name":"sagar","comment":"Hello sir. When can we expect a new video in the marathon series"},{"name":"Prashant Jadhav","comment":"Simply awesome ! What is time of Live JavaScript marathon ."},{"name":"Nikhil Chakravarthy","comment":"Very Useful. Thanks!!!"},{"name":"GOPAL LOHAR","comment":"I really appreciate your content"},{"name":"SAURABH Tech","comment":"Just wow. Lots of new things ."},{"name":"Pooja zadgaonkar","comment":"Please mention perfect time and day of online session.."},{"name":"Atanu Malik","comment":"Awesome!! I am Loving It."},{"name":"Edward Snowden","comment":"Sir this was day-2. Roughly how many such streams will be done?"},{"name":"YouAndImpact","comment":"Amazing "},{"name":"Yash","comment":"05:50 starts here"},{"name":"Maredi NaveenKumar","comment":"Can anybody please share the assignment link? Thanks"},{"name":"Pooja zadgaonkar","comment":"Please share online session time and day?"},{"name":"Rajan Kumar","comment":"Sir I have worked 15+ year in a company due to covid it was closed last year . So I am learning Salesforce my qualifaction is BA, B.ed Is it good for me. And you have said about data Is data means phone no. address. Then i have 25 Lakhs Phoneno addess can i use this."},{"name":"Mohd Faheem","comment":"hi hitesh , if     console.log(Number.isNaN(3a)); is false which means its a number ..timestamp: 27:20"},{"name":"Aman saxena","comment":""},{"name":"Tamimul Islam","comment":"which theme you're using ?"},{"name":"Mr. Agarwal","comment":"Hello sir , Is there any discord sever of Ineuron community?"},{"name":"Patel Ronak","comment":""},{"name":"Soumadip Banerjee","comment":"\ufe0f"},{"name":"Ahmed Dirie","comment":"thanks"},{"name":"VEERESH PATEL","comment":"Please add timestamps other wise waste"},{"name":"Manasa reddy","comment":"Where can I find assignments. You said dashboard community but I did not find the link. Please post the link."},{"name":"Anil Khairnar","comment":"How much package should we expect after completing JavaScript Full Stack Bootcamp "},{"name":"Vivek Kumar Mishra","comment":"etna mehnga kyo hai bhai"},{"name":"Vivek Kumar Mishra","comment":"Yr course k naam pe tum sab toh loot rahe"},{"name":"Vivek Kumar Mishra","comment":"jiske k pass 500 ho wo kaise lega ye"},{"name":"Tushar Singh","comment":"isNaN returns true if something is Not a Number and otherwise false. It does not say anything about the thing is a number or not. so is it correct to check isNaN before calling parseInt() ?"}],"5":[{"name":"","comment":"You can check out:\nhttps:\/\/hc.lco.dev\/devops for devops course\nhttps:\/\/hc.lco.dev\/jscamp for javascript bootcamp\nuse HITESH10 for 10% off"},{"name":"Meet Bhalodiya","comment":"Well I just started to learn learn TS yesterday and It felt great to found your tutorial with latest version... "},{"name":"Praveen S","comment":"Much needed series \nThank you sir "},{"name":"siva prasad","comment":"In js we have \"use strict\" mechanisim why we need to choose TS instead of JS"},{"name":"hridesh kumar","comment":"please make a playlist of typescript"},{"name":"Ankush Ladani","comment":"Present sir..."},{"name":"T\u00fcnde Eszl\u00e1ri","comment":"You are a very good videographer."},{"name":"Faizan Ahmed","comment":"Thank you Hitesh bhaiya for these tutorials. Happy Onam!"},{"name":"Ankur Chaubey","comment":"\ufe0f\ufe0f thanks"},{"name":"Sandeep","comment":"Video quality "},{"name":"Aditya","comment":"MKBHD vala vibe arha hai video me.\ufe0f"},{"name":"Bir Singh","comment":"Typescript is a subset of JavaScript"},{"name":"Sooraj s","comment":"Happy onam "},{"name":"Forbidden Souls","comment":"Typescript has one more job\nmakes u pull ur hair so hard,making sure the dev almost dies"},{"name":"Bhupendra Dayal","comment":"#saveswetabhgangwar"},{"name":"Avik Goon","comment":"First"}],"6":[{"name":"Mujtaba M","comment":"Thank you so much sir, for all the efforts you're putting out for the community!"},{"name":"Monu Shaw","comment":"Love to see this kind of video presenting style.. & thank you so  much for your extra efforts sir"},{"name":"PUS PAJE","comment":"NetworkChuck Style......Love this Style"},{"name":"SUBHANSHU SAHANI","comment":"This looks amazing sir.. would surely help in better understanding."},{"name":"Mahesh 360\u00b0","comment":"we really enjoy whenever sir experiment its always amazing"},{"name":"Ashish Prakash","comment":"The amount of enthusiasm you are showing in reinventing the process of learning and teaching in the tech world just blows my mind \nThank You for your efforts."},{"name":"PANKAJ KUMAR","comment":"I love your attitude towards always up for video quality. It is really top notch quality"},{"name":"Daniel William","comment":"Solid stuff bruh! Looks cool and efficient "},{"name":"Sushil Kumar .B","comment":"It's great... Now it will be very easy to take notes. I am looking forward for this."},{"name":"Darshan Banerjee","comment":"Really amazing! Looking forward for this..."},{"name":"Abena","comment":"I will watch the heck out of this, I learned a lot the khan way, this is more like it. Thanks alot."},{"name":"Vikash Yadav","comment":"This looks amazing sir."},{"name":"Pranit Ingole","comment":"It's awesome way of teaching"},{"name":"YouAndImpact","comment":"Looks pretty good "},{"name":"Deepak Deodatt Mishra","comment":"It\u2019s amazing sir"},{"name":"nagesh mhetre","comment":"You are just mind blowing..."},{"name":"shravan kaul","comment":"In the frontend bootcamp, would there be community learning or discussion platform for same as all lrctures are recorded?"},{"name":"Ujjwal Goel","comment":"ya its new and interesting....keep going on sir...love and wishes ;)"},{"name":"Amit Kumar","comment":"\ufe0f"},{"name":"Shubham Ghule","comment":"So cool...Which software are you using sir?"},{"name":"Hindi Hits","comment":"content will be next level "},{"name":"Sandeep","comment":"It's awesome "},{"name":"Ahsan YT","comment":"I am interested. When you are going to teach us sir ?"},{"name":"Venkatesh Pachigulla","comment":"System design from you. Awesome. Waiting"},{"name":"khizr shaikh","comment":"Great Experiment "},{"name":"satyam mishra","comment":"this will be really amazing"},{"name":"Subhash Chalapati","comment":"Visually looks good and modern , \nbut background video is disturbing ."},{"name":"Bishal Nandi","comment":"Sir please decrease javascript course price "},{"name":"Saurabh Shukla","comment":"That's amazing"},{"name":"ved prakash mishra","comment":"next level editing"},{"name":"chandrashekar bk","comment":"Wow awesome "},{"name":"Navnit Khandait","comment":"Don't add text add visuals (graphics) according to the video"},{"name":"Vaibhav","comment":"Great Effort"},{"name":"JOBIN SELVANOSE","comment":"Wow"},{"name":"Manivasagam Shanmugam","comment":"Thats great sir"},{"name":"Raj","comment":"great "},{"name":"Guru Dattatreya","comment":"We love this"},{"name":"Dharansh Neema","comment":"It's awesome"},{"name":"Ashwani Kumar Singh","comment":"love it"},{"name":"vrushabh kale","comment":"Great start "},{"name":"Ravi","comment":"explanation in this way is good but background blur is distracting small face at corner is i used too."},{"name":"Ayaan Kaifullah","comment":"Nice but keep everything other than face blur only"},{"name":"Sardaar Prabh","comment":"Soo good"},{"name":"Srini cnu","comment":"sir i want to start a youtube channel how to pick names it is on app and web development future what ever i learn i will post just 10 years what shall i keep name"},{"name":"Ritik Gupta","comment":"It was great"},{"name":"AKHIL SAHU","comment":"It looks COOL"},{"name":"Anmol Soin","comment":"The synchronization misses which can be hectic. I believe you should put yourself a little side and do the writing part in front of us. That would be more real and interactive and less recorded video feel."},{"name":"Anil Khairnar","comment":"Definitely it's best"},{"name":"Aditya Kanu","comment":"ok gonna learn how to do it get a freelance work somewhere "},{"name":"Quote Shades","comment":"\ufe0f"},{"name":"Nikhil Choudhary","comment":"Yes that doee look awesome "},{"name":"MD EXPERIMENTS","comment":"Hi bro nice experiment me"},{"name":"Nikhil","comment":"Wow "},{"name":"RAUSHAN RAJ","comment":""},{"name":"Prabhakar kumar","comment":"I will be waiting impatiently."},{"name":"Ashik S Nair","comment":"Hint for a systen design seriea, got excited"},{"name":"Satender Kumar","comment":"Sit I have 0 knowledge about ds \nSir please help me"},{"name":"redCoder","comment":"Hello ,sir"},{"name":"PRATEEK JHA","comment":"@Hiresh.. Nice opt in"},{"name":"hi","comment":"But English letter s should not be fancy"},{"name":"JUFFLER","comment":"Kesa ho"},{"name":"RAJU KANDARAPU","comment":"GM rtsh"},{"name":"Yash","comment":"First"}],"7":[{"name":"BORN CODER","comment":"Sir please take this. sir what are your tips for me, I am starting college next month. what should I do to excel in the field? I have huge interest in CS..."},{"name":"Mehedi hasan","comment":"Dear Mr.  Hitesh it will be very nice if you explain in detail about api... it's setup... etc"},{"name":"UI Monk","comment":"Ur legend"},{"name":"Luv Official","comment":"Hi hitesh, when the devops will be launched?"},{"name":"Manish Daga","comment":"26:24 Hear i am.(just for my refrence)"},{"name":"Nikhil","comment":"I missed it \"random live !\"random live !\""},{"name":"Devendroid","comment":"09:07 what"},{"name":"mark cuello","comment":"HELP"},{"name":"Suman Kundu","comment":"I also missed"}],"8":[{"name":"Saabir Mohamed","comment":"Thanks for this tutorial, just something to note ...instead of using UUIDv4 you can just pass the string \"unique()\" and appwrite takes care of the unique ID generation for docs or users.\nthen you don't need to import the UUID lib at all."},{"name":"","comment":"Appwrite is an end-to-end Backend-as-a-Service (Baas) platform for web, mobile, and Flutter developers. Appwrite abstracts the complexity and repetitiveness required to build a modern backend API from scratch and allows developers to build secure applications faster and easily integrate their applications with user authentication & multiple sign-in methods. It includes a database for storing and querying users and team data, storage and file management, image manipulation, Cloud Functions and more. For more information, please visit \nRead more"},{"name":"janupa silva","comment":"Thanks a lot for this masterpiece. Really helped me a lot. :)"},{"name":"Indratej Reddy","comment":"Inspiring. it is rare to see someone building opensource tools that too from India."},{"name":"Filipe Valente Gomes","comment":"Would be nice to shows us file upload, like using a storage and reference it to the user that uploaded it. Nice video btw."},{"name":"Dharanidhar Ch","comment":"Hey Hitesh.. Thanks for all the content.. I have recently got Mac M1 and not liking the magic keyboard and mouse much.. Could you please recommend"},{"name":"kapil vishwakarma","comment":"Hello Sir, thank you for this, can we use appwrite for offline database?"},{"name":"PUS PAJE","comment":"completed sir ... and working properly."},{"name":"Vandit Pandya","comment":"Thank You so much sir  \ufe0f"},{"name":"Vaibhav","comment":"Love your Efforts In These Videos Hitesh SIr..."},{"name":"Vandit Pandya","comment":"58:42 You added role:all at starting of the video but sir you missed to hit upgrade button so all roles gone dumped  .\n<it's happen sometimes>"},{"name":"Aman soni","comment":"Cna i use normal Promise Syntex instead of what you are using in the video ?"},{"name":"Sudhindra Pai","comment":"Love it sir.. Btw no 4K this time?"},{"name":"Amit Kumar","comment":"Love it...."},{"name":"Amiya Mishra","comment":"Thanks for this "},{"name":"YouAndImpact","comment":"Great "},{"name":"Parth path","comment":"I have I3 laptop  and i am  interested  in it field  I learned mern stack through you tube can you suggest me a course with placement"},{"name":"aniket jadhav","comment":"Hii guruji love from your student\ufe0f"},{"name":"RITIK Singh","comment":"Pre requisite for this course???"},{"name":"Shrey Dadhaniya","comment":"Hi,\ni think location.reload will work if you put in .then() not sure but i guess i will work or you can use await"},{"name":"God Coderz","comment":"How to host it on server?"},{"name":"Luv Official","comment":"Fantastic choudhary Ji.."},{"name":"Praxss","comment":"Nosql is okay, but integration with sql would be better"},{"name":"Maheen Kabeer","comment":"What happens to JavaScript marathon?"},{"name":"Aman saxena","comment":""},{"name":"Shekhar Chaugule","comment":"Provide Github link"},{"name":"Sambit kumar","comment":"Yes, sir"},{"name":"Ankush Jain","comment":"Hello sir Hindi me bna diya kro video"}],"9":[{"name":"Shyamendra Hazra","comment":"Hitesh sir be like : \"oh no some spare time!! Just contribute to the community.....\"\nWhat a divine blessing upon earth, sir your dedication is also a great example for us. Thank you very much sir for such a generous effort. You taught us how not to hesitate to take from the community and not to forget to contribute back to the community again. Huge respect towards you sir \ufe0f"},{"name":"GG TySON","comment":"You are doing amazing sir I just missed your live  But I am watching now the full video and is so much useful to me please ignore the toxic people You are the real open source hero as you are teaching cutting edge technology for free love you so much for all the stuff you go on there may be many negative comments but still you didnt stop teaching  and go on with the good vibes"},{"name":"aniket bhalla","comment":"Thanks sir for the session. Just finished watching it. I hope to have more in the future. Thanks again for your efforts you're putting in."},{"name":"jayesh shinde","comment":"hello sir , in my college we have group presentation . there are 10 students in each group. my group has got topic as \" devOps for spring microservices\". so sir can  you  pls suggest 10 sub topics for this topic on which each student from my group can present that topic upto 3 minutes ?\npls help sir"},{"name":"Gautam Patnaik","comment":"Thank you for this session. Learnt a lot about backend and prisma. Please connect it to frontend. "},{"name":"Sandeep","comment":"Back to back live , now we can feel the energy "},{"name":"Souvik Roy Vines","comment":"This is great sirthank you for sharing"},{"name":"Jimmy","comment":"Informative video , make more such videos."},{"name":"chirag roy","comment":"sir when i see you anywhere over the internet you always be mine first choice forever"},{"name":"cathrine chelladurai","comment":"Sir can you post  a video explaining gRPC"},{"name":"my home","comment":"Sir I have a break after my graduation so please suggest me can I understand this"},{"name":"YouAndImpact","comment":"Amazing "},{"name":"Aneerudh","comment":"Hello sir, what was that cli tool which was helping you and giving the auto suggestion on commands while typing in terminal...... Is that available in linux too?"},{"name":"Nikhil","comment":""},{"name":"Patel Ronak","comment":""},{"name":"Digiheadway business","comment":"sir aap ke java scrip ki vidoe kab aaye gi or"}],"10":[{"name":"YouAndImpact","comment":"Amazing initiative "},{"name":"TARGET UPSC SHORTS","comment":"Hi. Sir im confuse between cloud computing vs full stack web developer plz suggest me one plz sir"},{"name":"Firoz Ahmmed","comment":"Hey Hitesh, I noticed you in Nas Daily."},{"name":"Shrikant Chavan","comment":"who got selected  ?"}],"11":[{"name":"Saikat Mukherjee","comment":"It was a Roller Coster over all the Basics all Fun, Learning was never that much fun for me before. Thank you for this course."},{"name":"Wasim Raja Middya","comment":"Great course I really enjoyed, this was little bit unique then other JS course of your."},{"name":"SK","comment":"Thank you so much Sir for wonderful session and efforts , what you said is really true, really struggling with concepts, from basics to advanced hence difficult to do angular also. Sir please do basics to advanced , right time now i was searching for good js course since last week and found this\ufe0f"},{"name":"Abhishek Das","comment":"Even after using JavaScript for around 4 years I can say that I missed a lot of core concepts about the language which are the essential part of this language. Kudos to Hitesh Sir for this class absolutely loving it \ufe0f."},{"name":"Anitha D","comment":"Wow you are an awesome teacher, I always thought JavaScript is so hard but not anymore thank you"},{"name":"Md Ehsan","comment":"Thank you so much for giving this awesome class. It's really an amazing refresher for me."},{"name":"Vedant Nandwana","comment":"Really I learned a lot, THANKS a lot for starting this marathon sir! Very concise and knowledge condensed course!"},{"name":"shaquib khan","comment":"It's like an unexpected gift for all the JS lovers out here. You are doing great work by throwing such solid concepts free of cost without charging a single penny.\nJust a quick query on my machine vs code showing enum, interface & package as colorful though I have commented it the way u have shown."},{"name":"Coding Cush","comment":"I love the way you teach sir \ufe0f"},{"name":"Raghu B Srinivas","comment":"Thank you Sir for the detailed class and waiting for more Videos."},{"name":"Udyan Ojha","comment":"Amazing format, no time wastage. Awesome"},{"name":"gyan mishra","comment":"hi hitesh thanks for starting such lovely series. Could you please differentiate between literals and primitives??"},{"name":"Manpreet Singh","comment":"Hitesh Sir you are doing awesome i love your videos and courses I am learning a lot from your youtube channel and also from One of the best channel available on youtube for Computers Code lovers..Big thanks of 10kg."},{"name":"KUMAR SARVESH","comment":"i really enjoyed, waiting for your full stack js course to get started!"},{"name":"Gopal","comment":"Thank you sir.hope this marathon does not endjust loving it"},{"name":"RANDHIR SINGH","comment":"Great WORKS SIR FOR  MIDDLE  CLASS STUDENTS "},{"name":"Yash Khant","comment":"Thank you for all great Contribution to the community... "},{"name":"Rajesh Kumar","comment":"Deep knowledge thank you for this"},{"name":"ANUJ KUMAR","comment":"Amazing class i enjoy lots of fun"},{"name":"tera union","comment":"definitely going to watch whole series in order to understand the book."},{"name":"Mohammad Maqsood","comment":"thank you for doing much help for JS community"},{"name":"Rajnish Jha","comment":"JS is compiled or an interpreted PL: My take on this is since JS has evolved quite a bit over the last few years so we can say that JS is both compiled and interpreted PL as we are using NODE JS which provides JS Runtime Environment in order to execute the JS source code."},{"name":"Ankur Chaubey","comment":"Thank you so much sir \ufe0f"},{"name":"YouAndImpact","comment":"Great initiative "},{"name":"priyansh vatsal","comment":"Very useful "},{"name":"MD AL Mamun","comment":"Love this session"},{"name":"Scorpio Pundir","comment":"Great session "},{"name":"Hemangi Choksi","comment":"This is what we need.. "},{"name":"Kovendan Ragupathi","comment":"@Hitesh Choudhary, No courses can teach these much video quality. you are the best for providing such quality. Thank you so much for 4k content on YouTube."},{"name":"Soumadip Banerjee","comment":"Loved it!"},{"name":"hi","comment":"Your my first tutor for learning js.tq for that was one year old js playlist ..i will buy your course after getting job"},{"name":"Subhadip Mishra","comment":"I'm really happy Sir... \nThank you so much"},{"name":"Jaydev Sahoo","comment":"A Great start sir "},{"name":"Sri Harsha Chilakapati","comment":"Honestly, this interpreted or compiled question is out of the way for me, and I've stopped asking it in interviews since last two years. What's weird is this gets even more confusing for languages that output to multiple targets. Take Kotlin for example, it has 3 targets:\nRead more"},{"name":"Ayanshu khampariya","comment":"Thank you so much sir."},{"name":"GOPAL LOHAR","comment":"Amazing Stream!"},{"name":"Ayush Shukla","comment":"It was worthy session as I am fresher."},{"name":"Abhishek Kumar Gautam","comment":"Great course,Hope you will put all vodeos on youtube.Thanks."},{"name":"Praxss","comment":"Other languages want to come in browser \nMeanwhile JS: lets go outside browser"},{"name":"Rahul jangir","comment":"Amazing I am waiting for vue js videos after js"},{"name":"zaheer shaikh","comment":"This is great"},{"name":"INZAMAM-UL HAQUE","comment":"Love ur accent man, Being Indian u don't let anyone know that u r Indian. Amazing kudos "},{"name":"Goutam Reddy","comment":"great.. resourceful lessions"},{"name":"Rajnish Jha","comment":"I am getting confused about reserved keywords in JS: As per my understanding in JS world,  A word that changes its color or better to say which glitters more colorful (blue, orange etc.) in the code editor are called reserved keywords. Please correct me if I am over-thinking!"},{"name":"akshay hulkuli","comment":"The vs code theme that your are using is really awesome. Please the theme name....."},{"name":"Adi Pradhan","comment":"Boi o boi... Amazing quality \ufe0f"},{"name":"1DS19EC044-Gorang jain","comment":"Summary:\nIn this lecture we have studied about some basics of JavaScript which includes-\n\u2022For declaring variable we should always use let instead of var.\n\u2022const we use which means that the value of that variable doesn't get changed even if we assign the new value for that variable.\nRead more"},{"name":"Your Videos","comment":"Please share your theme for vscode\ufe0f"},{"name":"Umang Pincha","comment":"Hi sir which vs code theme are u using ?"},{"name":"Yogesh Rajput","comment":"Thanks for your great support"},{"name":"\u0936\u0947\u0924\u0915\u0930\u0940","comment":"I want to join as intern sir, plZ this will really helpful for me"},{"name":"Sanjoy Das_Kali","comment":"Can you do a series on API development"},{"name":"Chandra Pal Keshari","comment":"Thanks for this "},{"name":"Raghav Tiwari","comment":"console.log(\"\\u00E9\");\n\nconsole.log(\"\\u0301\");\n\noutput:\nRead more"},{"name":"Sukoon Music","comment":"best session ever"},{"name":"djsmacker01 SAAN","comment":"Nice one\nHow can i join the class"},{"name":"Partha Narra","comment":"Good explanation"},{"name":"Rishabh Sharma","comment":"Good initiative."},{"name":"\u0936\u0947\u0924\u0915\u0930\u0940","comment":"Learn by doing projects is best way to learn , plZ do it in that way plz"},{"name":"Ngamlenmang Touthang","comment":"27:50 what is lexical structure in JavaScript"},{"name":"Gamer Log","comment":"@hitesh choudhary Sir, can you plz make video in javascript topic - ( Prototype ) -"},{"name":"abhinav","comment":"Got confused after watching ur js lecture \ni hope in js developement bootcamp job gurantee ,u will covered bsic as well ,not everyone here is familior with any kind of programming languages"},{"name":"hi","comment":""},{"name":"Piyush Sagar","comment":"Okay, so in community dashboard it's says that you haven't watched the video  watch it to get certificate "},{"name":"Sharad Aade","comment":"Nice "},{"name":"Jatin Nandwani","comment":"Thanks so much"},{"name":"pile333","comment":""},{"name":"NEERAJ G","comment":"sir u said python code 21:06"},{"name":"Himanshu Sharma","comment":"I still didn't get answer that is it Compiled language or Interpreter language\n\nCan anyone answer please"},{"name":"Arunava Dutta","comment":"Hitesh please help us in Frontend Machine Coding rounds."},{"name":"Shaik Imran","comment":"Top Notch Class"},{"name":"Rohit Saini","comment":"Javascript is interpreted language"},{"name":"Kundan Kumar","comment":"runtime compiled language"},{"name":"Priyabrata Maji","comment":"please on the sub titles"},{"name":"Vivek Gupta","comment":"very long time no more videos why??"},{"name":"ninja hattori","comment":"while u r explaining plz do facecam as well don't hide ur video while explaining it helps to connect better with the educator"},{"name":"Yash Mistry","comment":"Hitesh sir, facing issue with sign up, please help..."},{"name":"Pratham Sharma","comment":"I thought I am the only one who use this background in chrome"},{"name":"Rahul Kumar","comment":"Don't agree with the point that \"if you using var keyword  then you are not doing something great\".  I think we should use var and let for better readability of code."},{"name":"Manisha Gaur","comment":"interpreter language"},{"name":"GShan","comment":"Is it possible to remove the mic from frame"},{"name":"avinash software solutions","comment":"2"},{"name":"Dev Patel","comment":"interpreted"},{"name":"Mohamed Sulaimaan Sheriff","comment":"Bro your eyes take care of your health"},{"name":"jiilaal","comment":"Community dashboard is not accepting mobile number of some countries."},{"name":"Shikhar Gupta","comment":"His accent makes me cringe so hard"},{"name":"Amit Kumar","comment":"If this course are free why should we buy your course from ineuron"},{"name":"mht hodol","comment":"OK. this nice for me, Thank you So much"},{"name":"Muhammad Saqib","comment":"Your Instagram account name"}],"12":[{"name":"","comment":"Just a note, videos are in 4K "},{"name":"Praveen Yadav","comment":"Just a note, your way of teaching is awesome ."},{"name":"Praveen Yadav","comment":"I \ufe0f Your way of talking and explaining can we get a video on  how can we explain our skills\/projects in interview."},{"name":"Profession","comment":"Using proptype and typescript both in same place are painful in react, suggestions are welcomed"},{"name":"Devraj Jangid","comment":"Love you sir \nYou have helped me a lot in learning programming."},{"name":"Meet Bhalodiya","comment":"Ahha it is great. Things sounds easy because I have already started to learning a little form here n there and I will for sure get perfect understanding by watching your series. I have also started using TS with react projects but it ain't easy as it seems for now "},{"name":"Prathamesh Dukare","comment":"Super Exited to learn TS from you Hitesh!"},{"name":"Patel Ronak","comment":"Amazing series \ufe0f"},{"name":"Sainath Poojary","comment":"Great video sir, Just a feedback: Thumbnails feels bit old fashioned or something odd. If anyone else also feel the same, Just give it a like.\nI can be wrong too. I just felt that so I said it."},{"name":"Kunal Singh","comment":"Thanks for the video much needed."},{"name":"Ankush Ladani","comment":"Thank you sir..."},{"name":"Venkatesh Lingampally","comment":"You are rocking "},{"name":"sagar","comment":"Great video"},{"name":"Mc Spraint","comment":"Sir...plz make videos on nestjs ...I'm a very big fan of u sir...plz make a video on nestjs sir"},{"name":"bucky","comment":"why dont you make python bootcamp?"},{"name":"Swaraj Kumar","comment":"Is typescript null safe?"},{"name":"Vikas 0018","comment":""},{"name":"SANDIP_ KANZARIYA","comment":"Smile is awesome \nI like it.\nKeep smiling "},{"name":"Sujeet Kumar","comment":"Hello sir, big fan."},{"name":"Shakoor Chachu","comment":"Please fast up , waiting for next video"},{"name":"Suresh Kumar Majhi","comment":"Nice studio."},{"name":"ayan banerjee","comment":"Parata kam hai, baatein zyada hai video mein"},{"name":"Praxss","comment":"looks like you forgot to silent your phone"},{"name":"Ankush Ladani","comment":"Homework Done:\n\/\/ string\n\n\/\/ number\n\n\/\/ boolean\nRead more"}],"13":[{"name":"","comment":"Giving away 1000 free seats in this course:\nhttps:\/\/www.udemy.com\/course\/complete-ios-developer-swiftui\/?couponCode=HCIOS1000"},{"name":"Nishant Singh","comment":"Your courses are always the best available courses online be it any course on ml, react, Django, etc. This latest ios course will help many students including me who want to learn swiftUI for sure since it's LCO assured which means quality of content will be awesome as always \ufe0f"},{"name":"Sahana Venkatesh","comment":"Thank you so much for your support for the coding community and encouraging ppl more towards coding. I was more motivated towards coding watching and practicing the code from your courses... thank you once again.."},{"name":"Polo B","comment":"Working on iOS app development for more than 3 years, still i m joining this course because\n\n1. Worked on UIKit and I want to learn SwiftUI.\nRead more"},{"name":"Prayash Shrestha","comment":"Waiting eagerly to be a part of this amazing course with one the best mentor"},{"name":"Rajeshwar Reddy","comment":"Thank you sir for giving us this great opportunity.. I \u2018m excited to be part of this iOS course\u2026 your YouTube videos helped me in my learning a lot\u2026"},{"name":"Rohit Jangid","comment":"Finally for iOS development, \nI was waiting for this having hopes that something will be there for iOS developers! \nThank you so much Hitesh Sir \ufe0f"},{"name":"Amit Dey","comment":"Thank You for bringing such kind of course by you..\nI am very much excited for that course eagerly waiting for.\nOnce again thank you sir...."},{"name":"thomas deepakreddy","comment":"Happy to hear from you hithesh, great initiative, looking forward for the course."},{"name":"Vishnu singh Shekhawat","comment":"Sir first of all very very thanks for this wonderful opportunity. \nSecondly keep it up . \nIndia needs revolution in its educational system and you are doing great  "},{"name":"Rohit Dhaker","comment":"Thank you so much Hitesh Sir!\nSince last few days I was finding the course\nBut now I found the best.\nThanks again sir!!!"},{"name":"TRIPSTER GAMING","comment":"The first thing you said applies on Android development too.. Kindly pls make an Android dev course too.."},{"name":"Sunil Poonia","comment":"Missed the giveaway. But always love your efforts \ufe0f\ufe0f"},{"name":"Vikas 0018","comment":"Thank u for couse sir but what\u2019s difference between udemy ios course and lco ios course u released recently"},{"name":"Sritaj Patel","comment":"Was waiting for it, thank you very much for bringing it."},{"name":"Devansh Sadhotra","comment":"and i got this , thank you so much for this wonderful course. this made my day, happy Ganesh Chaturthi to all"},{"name":"Hindutava | \u0939\u093f\u0928\u094d\u0926\u0941\u0924\u094d\u0935","comment":"will you also provide source code as well here?"},{"name":"Prakash Singh","comment":"Really waiting for this course "},{"name":"Nikhil Deshmukh","comment":"Any plan of android app development course in Kotlin with Jetpack Compose in future?"},{"name":"Akshat Sharma","comment":"Thanks sir for this cource "},{"name":"Vishwajeet Kadam","comment":"Thank you hitesh for this course"},{"name":"varunrithvik gudluru","comment":"Hello sir can u make some courses on Android Development with Java"},{"name":"Sujith Manjavana","comment":"Please make a course on advanced backend development that includes nginx, redis, load balancing, Linux performance tuning, websockets, etc."},{"name":"ShredzZ","comment":"Hi, do you think is iOS development is good if I want to be full time freelancer or I should choose web as 99% ppl say?"},{"name":"YOGESH LATE","comment":"Enrolled along with 2 others \ufe0f. Thank you for giveaway we just wanna start and you're video came in the notification. "},{"name":"Rahul Ahire","comment":"I know Udemy doesn't give you margins, so I want to know where should I get this course from LCO or Udemy?"},{"name":"Harsh Puniya","comment":"Hey the price of course on udemy is different,is the content same there?\nAnd will you add future videos of this course on udemy too??"},{"name":"Anil Khairnar","comment":"Love it truly \ufe0f"},{"name":"Nitish kumar","comment":"Sir any idea ,when Data science course will start?"},{"name":"Obinna Bigg","comment":"I see how you're using apple wall-garden as an opportunity while we are out here pushing open platform initiative"},{"name":"Mr.Shinchan5","comment":"Fluid series please "},{"name":"Kabir Md Atan Suheb","comment":"Thanks for this course"},{"name":"Mukund Bhatia","comment":"just one question can flutter outclass xcode?"},{"name":"Venkatesh Lingampally","comment":"Thanks you so much sir."},{"name":"Jayanth","comment":"Thanks for providing course for free"},{"name":"Learning Hub","comment":"Very informative sir"},{"name":"Aniket karode","comment":"Surprise gift from Hitesh sir on Ganesh Chaturthi. Thanks sir"},{"name":"Lokesh Gehlot","comment":"Is there any certification?"},{"name":"Naresh Kumar","comment":"why \"Ineuron Intelligence \"courses are not available in \"udemy business\"?"},{"name":"Digiheadway business","comment":"Your courses is very help full"},{"name":"Hindutava | \u0939\u093f\u0928\u094d\u0926\u0941\u0924\u094d\u0935","comment":"when will you start the course?"},{"name":"Praveen Vuddagiri","comment":"Sir flutter series please"},{"name":"Vivek Chudasama","comment":"Sir, I'm curious to know about iOS Development! Does anyone who wants to learn iOS Development have any requirements? I do have MBA M1."},{"name":"udesh kavinda","comment":"I am looking forward  to this"},{"name":"Forbidden Souls","comment":"Prerequisite: YOU NEED A MAC!\nGuys living in 2100 : VM Ware + Mac on windows"},{"name":"Abhinav","comment":"waiting for this for long time"},{"name":"Himanshu Kumar","comment":"No iPhone no MacBook Only Windows and Android  That's why I leave it"},{"name":"Gaurav Sharma","comment":"Some one please tell me, my friend told me if you make an ios app you cant sideload that app on other iphone so you need a developer program subscription which is like 8000 Rs\/ yr."},{"name":"shivank mishra","comment":"sir, didn't get the seat\nplease increase some seats.."},{"name":"Hudaibia Syed","comment":"Finally ....."},{"name":"Shubham mankar","comment":"iOS development indeed"},{"name":"Utsav Jogani","comment":"Thank you sir.\nSkip this. But \ni need java script course .."},{"name":"nagesh rajarapu","comment":"hi sir...i want to learn ios from so many days but i didn't get correct resources...advance thank you for this course"},{"name":"Shreshth Srivastava","comment":"Great"},{"name":"ram sem","comment":"Is it for absolutely beginners ? \nBecause, i don't know Java, kotline flatter."},{"name":"Mr.Shinchan5","comment":"Seats available still paid?"},{"name":"Decent Codder","comment":"please increase some more seats I also wanted to start learning ios development"},{"name":"Doli Pandya","comment":"Thanks Hiteshsir"},{"name":"Adrian -","comment":"Hitesh Choudhary where can I find a free coupon for your Udemy course called \"Pro Javascript backend developer\"?"},{"name":"Nikhil Bhosale","comment":""},{"name":"Bhawna Chaudhary","comment":"thankyou bhaiya"},{"name":"ANKIT RAI","comment":"Love "},{"name":"Ayush sharma\ud83c\udf41\u20b9","comment":"Biotechnology pass out with 2 nd division English language knowledge is very low which course is perfect for me to get a good package job in IT sector B E please help me. Please please"},{"name":"Chetan Dhamande","comment":"Hello Sir"},{"name":"Nikhil","comment":"happy ganesh chaturthi sir"},{"name":"Om Londhe","comment":"Can\u2019t you make this one lifetime available?"},{"name":"Satya mamidisetty","comment":"I was having window's laptop but wanted to learn IOS developing can anyone suggest is there any alternative pls"},{"name":"Sid","comment":"only 500 Rs, you deserve to ask more"},{"name":"Shyamendra Hazra","comment":"Caught up on Instagram yesterday "},{"name":"satyam sinha","comment":"Hi ! Am I eleigible ?"},{"name":"Manoj Waghmare","comment":"It is showing paid even though there are 200 seats left"},{"name":"Marlin India","comment":"Interested"},{"name":"Devendra Patel","comment":"Don't have Mac OS "},{"name":"Humayun Sikander","comment":"Can I buy this course from Pakistan?"},{"name":"MUTHU VALLI 3","comment":"First HITESH SIR..."},{"name":"Aman soni","comment":"Don't need this course, so not gonna Enroll"},{"name":"Joshua Rexmond Nunoo Otoo","comment":"Second"},{"name":"geekofia","comment":"I am so sad  that I am the 1001th... LMAO 1008 enrollments right now ...."},{"name":"SajithlalDEV","comment":"Is flutter bad for iOS development?"},{"name":"Abdullah","comment":"Macbook nhi hai but iphone hai"},{"name":"Forbidden Souls","comment":"* laughs in hybrid *"},{"name":"Harjot Singh","comment":"Sir finally finally you listened me \ud83e\udd79 earlier when I asked you said their are no plans but surprise really thank you sir"},{"name":"OneGoodReason","comment":"Was this course going to be available on YouTube or LearnCodeOnline?"},{"name":"Sunny Gulati","comment":"Thank you so much for your support for the coding community and encouraging ppl more towards coding."}],"14":[{"name":"Harsh Malviya","comment":"React example for symbols is actually useful, thankyou for this series "},{"name":"Chandra Vardhan","comment":"Skip Questions : 06:47\nBoolean : 07:20\nSymbol : 14:46\nGlobal Objects : 27:13\nRead more"},{"name":"Hari Sumanth","comment":"The quality of this marathon is unmatched!!"},{"name":"Ankush Ladani","comment":"Yes sir I have used uuid in my recent projects for assigning unique id to elements..."},{"name":"Mt","comment":"Best quality education by hitesh sir......"},{"name":"Nishit Vibhandik","comment":"Actual class starts at 5:44"},{"name":"\u0c13\u0c02 \u0c28\u0c2e\u0c03 \u0c36\u0c3f\u0c35\u0c3e\u0c2f","comment":"They way you are talking to us is awesome "},{"name":"Murtaza Rangwala","comment":"This video Give tons of clarity of JavaScript."},{"name":"YouAndImpact","comment":"Amazing "},{"name":"TARIQ","comment":"Hello sir i have #question about python web scraping.\n-> it is specific field to learn mean in python different field like machine learning , data science , data analyst \nAre web scraping is different field or it part of any these filed which i have mentioned ?"},{"name":"Ankush Ladani","comment":"Sir Plz there is one request that plz check our assignments which we have submitted.\nI have submitted all assignments on time but none of them is checked yet."},{"name":"Vikram J","comment":"Hi sir, this question is not on the topic sorry if you wish to answer please advise about which tool to choose?\n\nScala.js or TypeScript.js thank you very much "},{"name":"Shyamendra hazra","comment":"06:06 sir please don't say that , I don't think we can ever be ready for that under any circumstances....."},{"name":"Namaste coders","comment":"Thanks "},{"name":"BetterWorld","comment":"false is also treated as false value in JS. Right?"},{"name":"Sharad Aade","comment":"VS code setup plzz "},{"name":"Anirudh","comment":"Education in 4k"},{"name":"heatengine","comment":"Which vscode theme is this?"},{"name":"Patel Ronak","comment":""},{"name":"PUS PAJE","comment":"Why every string methode includes string. Prototype.  ........?"},{"name":"Hello friend","comment":"Please give us Link of your glasses "},{"name":"Siddhant Sharma","comment":"op quality"},{"name":"Bibek Gupta","comment":"Its look like chapter === episode"},{"name":"IMON RAJ","comment":"You are in a NAS one minute short vdo"},{"name":"Manpreet Dhaliwal","comment":"random fact:\nNaN !== NaN"},{"name":"Kolavit Honduraski","comment":"JS is mysterious... i put in console.log(IsNaN(\"Bread\"))\n\nand he said \"Bread is not NaN\" "}],"15":[{"name":"Susan George","comment":"U guys are doing great for students such a great organisation with wonderful people."},{"name":"laxmi sarki","comment":"It was a great hackathon with lots of hidden opportunities(hiring and networking). I can't wait for next upcoming hackathon. Thank you so much sir ."},{"name":"Pinky Devi","comment":"This is really awsome... topics are very interesting too.."},{"name":"Md Ariful Islam","comment":"Bro this is cool but we need some thing international \ufe0f"},{"name":"Ashish Kumar Verma","comment":"Hi sir,  Regarding this Jetbrains Hackathon can we use Ktor + reactjs.... because we don't have expertise in kotlin multiplatform !!"},{"name":"YouAndImpact","comment":"Amazing event "},{"name":"asit mondal","comment":"Sir what are the requirements for the hackathon??"},{"name":"Krishna Chaitanya","comment":"Awesome "},{"name":"Namaste coders","comment":"Can javascript bootcamp students have any chance to participate in hackathon.in future..."},{"name":"Abhishek Deb","comment":"Amazing"},{"name":"Sathish Kumar","comment":"This is "},{"name":"Akhilesh Reddy","comment":" first  prize is 35:23"},{"name":"Saurabh Shukla","comment":"Great"},{"name":"Mahesh17","comment":"\ufe0f\ufe0f"},{"name":"Namaste coders","comment":"Thanks"},{"name":"NOOB CODER","comment":"Sir course ki language kya hogi hindi ya english??"},{"name":"mukcool arora","comment":"38:00"},{"name":"Tushar solanki","comment":"46:56 who is that guy i have seen this somewhere"},{"name":"Tim Sobkowiak","comment":"Is this event in India?"},{"name":"Krishna Dokkara","comment":"Lalit project technologies"}],"16":[{"name":"Ambuj Dubey","comment":"Fastest unboxing I have ever seen "},{"name":"","comment":"Canon EOS R5C is here. Going 8K in some videos and most videos will be in 4K. It's little more effort but I think it's worth it.\nAlso,  just got the camera so this video is not in 8K. (obviously). "},{"name":"SUBHANSHU SAHANI","comment":"When you have a client call in 1 mins but you want to unbox the camera  \ufe0f"},{"name":"Ganesh","comment":"Now thats how you should be unboxing "},{"name":"Abhishek Patil","comment":"How did you make that animation of your name at the end of the video Sir? That's really cool"},{"name":"tejas Jani","comment":"Ohh awesome .\nBut I can't watch with 8k, My laptop screen support 2k."},{"name":"Bhupendra Yadav","comment":"Sir quality of content is important than quality of video."},{"name":"Nikhil","comment":"Canon has launched the EOS R5 C at Rs 3,99,900"},{"name":"Mt","comment":"Amazing unboxing"},{"name":"Aadarsh Singh","comment":"Amazing unboxing..."},{"name":"Aman soni","comment":"Very straight forward unboxing.\nSeedhi baat no bakwaas "},{"name":"YouAndImpact","comment":"Amazing "},{"name":"passionatebeast","comment":"now a mac studio is needed to edit this beast footage."},{"name":"Prxteek","comment":"Sir, when are you going to announce the results of iNeuron Logo challenge?"},{"name":"Technical Guy Akash","comment":"Wow sir"},{"name":"Nikhil verma","comment":"This is called a real unboxer"},{"name":"Aman soni","comment":"I don't have bandwidth for this much of the quality "},{"name":"MEO","comment":"Great unboxing, when are we getting the iNeuron logo reviews?"},{"name":"Fayaz Mohammad","comment":"classic..."},{"name":"Varun","comment":"Beast Level PC chahiye"},{"name":"Pavan Kumar","comment":"\ufe0f\ufe0f\ufe0f\ufe0f\ufe0f8K\ufe0f\ufe0f\ufe0f\ufe0f\ufe0f"},{"name":"Sumer Singh","comment":"It could be a #short"},{"name":"Ratnadeep Saha","comment":"2k is more than enough in these today's world."},{"name":"yash rajan shukla","comment":"We are moving toward our goal of seeing the ant on the wall .. one step closer"},{"name":"DJ MK","comment":"Nobody will watch it though.\nIt is just good for photography stuff"},{"name":"Yash Joshi","comment":"Das gorgeous"},{"name":"Varun","comment":"8k footage editi karne k liye Rig hai  Hitesh Bhaiya....?"},{"name":"The ShRee","comment":"8k"},{"name":"Rithik Rajput","comment":"Cheap way to go 8K, where are the RED and BlackMagics of the world???"},{"name":"Aman Deep","comment":"please do giveaway "},{"name":"Chandra Vardhan","comment":"Competition is MKBHD..."},{"name":"Its Abhi Vlog","comment":"AAaaaaa you was Sony Fan na ."}],"17":[{"name":"YASH MUNDANKAR","comment":"Meanwhile I am wondering how to make custom terminal cursor  like your's..."},{"name":"Aditya Sid","comment":"Awesome \nGoing to use it in my next project\n#DigitalData"},{"name":"Sudhanshu Prasad","comment":"thank you sir... U will surely build and share it"},{"name":"Chaitanya Pratap Singh","comment":"Nice one Sir "},{"name":"LIFTING OTHERS","comment":"Tq for your valuable videos and information"},{"name":"Bhupendra Bhatt","comment":"boom its reallly insane sir! thanks for the tutorial love from nepal !"},{"name":"","comment":"Check out Frontegg here: \nhttps:\/\/bit.ly\/3NrXuiE\nCode Repo is also available: https:\/\/github.com\/hiteshchoudhary\/loginegg"},{"name":"Hiten Vats","comment":"It'll be very useful in my upcoming project... Thanks alot man\nHere's a heart for you \ufe0f"},{"name":"Himanshu Srivastava","comment":"Where is the user login credentials stored?"},{"name":"Vikash Gaurav","comment":"some learning material after long tym"},{"name":"Rahul Vanmali","comment":"hello sir can u make a video on keycloak"},{"name":"avi","comment":"can we  use this for sbring boot projects using spring boot authentication"},{"name":"Shatir Dimag","comment":"Sir is your any video to setup Google cloud cpanel and whm and run websites .... Please help with this stuck with  network errors firewall and proxy"},{"name":"Tummala Sudhir","comment":"Hi Hitesh.. tried using this..works perfect with local host but having some issues when I  host the app on heroku.. did you try it with an app hosted to heroku?"},{"name":"Mohammed Azhar","comment":"when I signed up for Free : it says 30 days trial period !!\nis this expected ?"},{"name":"Rishi Raj","comment":""},{"name":"Umoh Udonwa","comment":"Is there any free package email service for react"},{"name":"BHAVESH MEVADA","comment":"Need a course on Typescript"},{"name":"Zeeshan Safdar","comment":"Awesome, and where is backend? It means no longer need for \/login \/register apis to integerate? or there is no need for backend developer to make these login and register apis??"},{"name":"prince abrol","comment":"mera devlopment wala option click nhi ho rha h\nky kru sir ?????????????"},{"name":"Abhi Patil","comment":"simple login"},{"name":"Mohammed Azhar","comment":"This won't work for internet-less applications that are deployed locally on a system"},{"name":"Your Nemesis","comment":"Itsss jussssssssssstttttttt insaneeeeeeeeee"},{"name":"Bittu Kumar","comment":"Hi Hitesh how are you"},{"name":"MUTHU VALLI 3","comment":"First HITESH SIR..."},{"name":"Hrithwik Bharadwaj","comment":"Me who wrote my own auth "}],"18":[{"name":"Random Guy","comment":"An amazing suggestion from my side:\nU can add a feature where pro coders(like u, people u hire or other contributers) can remotely debug codes for the users or code for them live in their machines (i think there's similar feature in vs code) \nBut for sure u have to look for security risks for that as well.\nRead more"},{"name":"Rishabh Dhawad","comment":"Let's see maybe in future I want to work with you, You are an awesome man. Always doing amazing things on the internet for the community. "},{"name":"Abhishek C. Pathak","comment":"Super excited and thanks alot for launching the community Hitesh Sir..!! \ufe0f"},{"name":"Sahitya Roy","comment":"Amazing session would love to work with this community"},{"name":"Sandeep","comment":"Let\u2019s build a super active community "},{"name":"sashank r","comment":"UI looks so clean! Amazing work sir!"},{"name":"YASH PREET","comment":"Hitesh sir  you have really created an amzing community. thanks from a beginner coder."},{"name":"Liam Tech","comment":"Cool, hoping to be part of your team "},{"name":"Vikram J","comment":"It may work and become a serious community like other platforms, wish you the best for your clarity, thank you very much, sir"},{"name":"Md Ehsan","comment":"It's a really big achievement for you and a great gift for us"},{"name":"Vamsi Rajagiri","comment":"Very Excited to be part of this Coding community"},{"name":"RAJESHWARAN P I","comment":"Let's build a new awesome community \ufe0f\ufe0f"},{"name":"satyam mishra","comment":"we needed it alot thanks sir "},{"name":"YouAndImpact","comment":"Great initiative "},{"name":"pratik pods","comment":"hey hitesh. that's a really great initiative. but I was wondering, is this community only for Indians? or globally folks like us also can join there?"},{"name":"codelessness","comment":"Congratulation all of us we got one more gift frome our hitesh sir.\nThankyou soo much "},{"name":"Umang Pincha","comment":"Great initiative sir \ufe0f"},{"name":"Prashant Jadhav","comment":"Really super sonic  initiative  learn grow and get into job through community"},{"name":"Shivam Singh","comment":"New setup is amazing ,\nWith that gausian blur effect and green in back"},{"name":"Yogesh Ukidwe","comment":"superb initiative"},{"name":"Rishu srivastava","comment":"congratulations sir "},{"name":"Subhash Chaudhary","comment":"Congratulations "},{"name":"Shrish Kerur","comment":"Waiting to contribute to the community"},{"name":"Saurabh Sikoria","comment":"Just Amazing, will be seeing you soon."},{"name":"Md Ariful Islam","comment":"Please don't forget about PHP. i can't see php group there"},{"name":"Gagan Singh","comment":"Amazing "},{"name":"Abhishek C. Pathak","comment":"Eagerly waited since morning."},{"name":"Vaibhav Singh","comment":"Hitesh sir please guide me to learn coding in a proficient manner and eventually land to job as soon as possible...i already quit mechanical core job before 3 months"},{"name":"Sahil Parmar","comment":"Which tech stack is used for that website ? Just asking for fun."},{"name":"Muatasim Ahmed","comment":"Can we LCO student have separate group ?"},{"name":"Ganpati","comment":"Artificial green is OP "},{"name":"Ratnadeep Saha","comment":"Please create a Azure and Gcp focused community channel."},{"name":"Sharad Aade","comment":"Nice "},{"name":"DroidHolic","comment":"Damn! Now this is interesting"},{"name":"Jay_ Creation","comment":"Super excited "},{"name":"Ashish Kirar","comment":"Hello sir,\nSir please tell me you're course Full stack web dev after the complete will I get job?"},{"name":"Ranga","comment":"Sir i joined your ineuron course \nYou put all your lco courses\n\nWhat is new in ineuron then"},{"name":"i915","comment":"That website is very slow and having trouble in posting our queries and uploading photos. pls fix that issues so that it will be a great place to build coding communities and learning."},{"name":"Yash Manisha","comment":"Very excited sir"},{"name":"Jatin Nandwani","comment":"Thanks so much"},{"name":"AV Gaming","comment":"It will gonna really big"},{"name":"sahin Islam","comment":"Is there  new course will launch in LCO?"},{"name":"Chetan pl","comment":"Hitesh what is your community name? I would like to join it."},{"name":"Suman Kundu","comment":"Thank you"},{"name":"Anirudh","comment":""},{"name":"sagar","comment":"Is this website open source? If it is, I'd like to contribute in building it too!"},{"name":"heatengine","comment":"I wish it is accessible"},{"name":"Tony Starc","comment":"okkl sir gor it we'll do same as you guide"},{"name":"Sanjeev","comment":"New background "},{"name":"Ashutosh Sharma","comment":"Mera idea  "},{"name":"Omkar Shivadekar","comment":"Seems like Stack Overflow clone"},{"name":"sahin Islam","comment":"Congratulations"},{"name":"Avishkar Live","comment":"Next level sir , i have enrolled in js bootcamp"},{"name":"Om Jogani","comment":"I will be helping Flutter Developers in this one..."},{"name":"Md Gufran","comment":"\ufe0f\ufe0f"},{"name":"Tony Starc","comment":"grey shirt is back \ufe0f\ufe0f\ufe0f"},{"name":"TRIPSTER GAMING","comment":"Reddit for coders"},{"name":"Jaydev Sahoo","comment":"Finally lunch "},{"name":"Ujjawal Maurya","comment":"Did I noticed Dolly Zoom like something till 0:20 seconds from start."},{"name":"Madhusudhan","comment":"the coder comunity website is very slow can u make it fast or  what is the reason for slow."},{"name":"Sankha Subhra Mondal","comment":""},{"name":"Jemy Amrutia","comment":"Saw you in the Nas Daily video ! "},{"name":"sri kris","comment":"Stack over flow?? GitHub community??"},{"name":"Paras Solanki","comment":"Hey how can i disable email notifications its just too much?\nI clicked on unsubscribe but seem it is not working."},{"name":"Madhusudhan","comment":"it is like quora"},{"name":"Vipul kumar","comment":"Can anyone send me link of android app of coder community."},{"name":"Wayne Berg","comment":"P\u1d63\u2092m\u2092\u02e2\u1d50 "},{"name":"?","comment":"When there is always something like stackoverflow why would we need another platform which does the same??"},{"name":"Jay_ Creation","comment":"How crazy you are "},{"name":"Hammad","comment":"OTP not working in saudi arabia"},{"name":"Its Abhi Vlog","comment":"ik this project just lauched and you are busy in fixing Bugs .. please Add Voice Call to it too like discord have .. we can screen share n do live audio chat it helps a lot .."},{"name":"Shubham Kondekar","comment":"Is it like slack???"},{"name":"Ankush Ladani","comment":"Thank You sir...."}],"19":[{"name":"","comment":"It's now or never. Join the full stack javascript Job guarantee bootcamp. Pro quality videos + weekend live classes to guide you and give you challenges that makes you a real developer. Goal is to make you a pro developer. Me with my amazing team is all set and ready, are you ?\nJoin this bootcamp and use code HITESH10 for additional 10% off, \nRead more"},{"name":"OG","comment":"Name few companies we can expect to placed into, after the course."},{"name":"optimus","comment":"Hey Hitesh sir job guarantee at this price point is just awesome  keep going ."},{"name":"Amit Chourasia","comment":"I just puchased your course and am so excited to embark upon this new development journey under your wings Sir"},{"name":"JAYANTI SS","comment":"Amazing content"},{"name":"Abhishek Bhalerao","comment":"Is it compulsory to join Live Lecture Saturday sunday.. ?"},{"name":"Matta kalyan","comment":"Nice to see the videos on this topic"},{"name":"Pankaj Tomar","comment":"DSA part is covered or not"},{"name":"Khan Sameer","comment":"Is it available with one neuron package without job garuntee..?"},{"name":"Prashant Jadhav","comment":"Really awesome opportunity waiting for gys grap it"},{"name":"Muskan Bansal","comment":"Already enrolled in it sir.Can't wait to start on sunday. Fully excited"},{"name":"UDAYA KIRAN P","comment":"Udemy Instructor colt steele 75 hrs content just 455 rs "},{"name":"Ashok Babu G","comment":"If you are a fresher dont go into a loop of learning different different technologies.Just pick a language ans learn DSA in it later do 1,2 projects.you will get a package that you can't even imagine"},{"name":"Razi Ahmad","comment":"what will be the CTC ???"},{"name":"Samim Khan","comment":"Sir if I perches this course from Dubai what will be my job destinations"},{"name":"NMV","comment":"Please provide more discount last day"},{"name":"Indratej Reddy","comment":"Already bought it.  Excited to see you on Sunday"},{"name":"Rohit","comment":"I'll join you "},{"name":"VS RAMAKRISHNA Talari","comment":"Can Job guarantee will help to get the in UK also?? Please confirm."},{"name":"Golden Angel","comment":"Already joined and waiting"},{"name":"Nikhil","comment":""},{"name":"Mohammad Abbas","comment":"Finally from tomorrow"},{"name":"SHAQUIB NAWAZ","comment":"First comment.."},{"name":"Arun Beckham","comment":"Can't, it's not free."},{"name":"Mohd Salman Ansari","comment":"i have some questions where can i contact you or your team?"}],"20":[{"name":"Md Ehsan","comment":"It's really amazing to see this...thank you so much from behalf of all the coding community. I really wanted to take part in one of these coming hackathons. But right now  I am brushing my skills and going to enroll in your  job ready for a full stack development course."},{"name":"Udayasish Bora","comment":"5 minutes engineering helps me alot....Thank you sir"},{"name":"Helder Correa","comment":"I liked the subject, very interesting, group very much within the subject and interact with the public"},{"name":"YouAndImpact","comment":"An amazing event "},{"name":"Vipul Patel","comment":"How can we participate in the hackathon?"},{"name":"heatengine","comment":"Is it online?"},{"name":"Goutham sai krishna","comment":"Good morning sir\nI last hackathon how we can contact to lalit \nLalit who wo. 3 Rd price"},{"name":"Ayaan Kaifullah","comment":"Sound"},{"name":"19UCS031_A_Samadrit Sarkar","comment":".."}],"21":[{"name":"Code light Sparkles","comment":"Would love to see a course with functional programming using Scala"},{"name":"suman pokhrel","comment":"Checked it 1 week ago and yes its just damn fast "},{"name":"Akshay","comment":"Great content "},{"name":"Tami Bar","comment":"Does anyone know if bun can be used to load webpages and run them ? Potentially creating a faster browser than chrome or other browsers ? Thx "},{"name":"Abhishek Guha","comment":"Hey Hitesh! Kudos to all your contributions to tech education. I know how much you revere quality, so just a suggestion from this noob. Change the transition to the layer in the beginning where-in your name appears to be smooth rather than sudden. Keep up the excellent work. "},{"name":"Rahul Ahire","comment":"I'd love to see (or even purchase) a Rust course from you."},{"name":"YouAndImpact","comment":"Great video "},{"name":"Sivaprasad EV","comment":"Thanks man "},{"name":"Richard Levi","comment":"My qts is for them who has already enrolled for the Full stack JavaScript Developer program of ineuron.. \nHow's the course? Is it worth purchasing?  How's the live lectures going? \nBasically tell me everything whatever going in the course, it would mean a lot to me."},{"name":"Bindiya Patel","comment":"Hello sir, sir agar koi student engineering background  se nahi hain to kya wo apka course enroll krke koi skill sikh sakta hain? Sir please guide us"},{"name":"Vasley","comment":"If I were a Bun developer I'd rather called it 'Done' (or Oden, or Enod) just for lulz ))\nThen we would have Node, Deno and Done :D"},{"name":"Scripty Vijay","comment":"Sir it's giving a manifest error and also we shared this on github but users said simply remove manifest line from HTML but I don't think so this is the solution. So what you say about this?"},{"name":"secureITmania","comment":"Waiting for bun course"},{"name":"hardik ganatra","comment":"When we say who uses lodash these days ,  I still find it useful , whats an alternative for it  , or did I miss a new boy in the town :) ? Or by that do you mean map , filter , reduce is enough for a full fledged project ?"},{"name":"Apoorv Verma","comment":"Was waiting for your views on bun..."},{"name":"Ben Ochang'","comment":"Does bun work for react native lol?"},{"name":"Patel Ronak","comment":"\ufe0f"},{"name":"dogen","comment":"Will replace node js?? What should we learn node or bun??"},{"name":"Ankit Maan","comment":"First like and comment about bun... What will be the future of bun"},{"name":"Indratej Reddy","comment":"Can JS on bun can beat java ?"},{"name":"Abhishek","comment":"What happened to JavaScript marathon"},{"name":"firos Iam","comment":"Hey have u forgoton about  the javascript marathon"},{"name":"Kartik Dhawan","comment":"Who uses lodash ??? what do people use these days ? ? "},{"name":"sagar roy","comment":"Back to grey Tshirt"},{"name":"SAUMIL SHAH","comment":"Go to Sandeep Maheshwari show,,,,,,, plz"},{"name":"R Truth","comment":"It will be better if you make videos in hindi, so more people can understand and your subscriber and views will also increase. Like @ApnaCollege"}],"22":[{"name":"YouAndImpact","comment":"Amazing event "},{"name":"Md.Bellal Hossain","comment":"Sound quality Isn't good enough. Please try to progress your sound quality"},{"name":"Roushan Ali","comment":"Please organise in kolkata... Pleaseeee"},{"name":"i915","comment":"19:27 \"VIKRAM\""},{"name":"?","comment":"Can you organise hackathon on Web development?"}],"23":[{"name":"","comment":"https:\/\/nativebase.io\/hackathon"},{"name":"SparePlays","comment":"Hello sir, I don't have any knowledge about web apart from basic HTML\/CSS. Am I eligible for this hackathon??"},{"name":"Raj Yadav","comment":"Can we get a remote hackathon as well:(\nSo many are so far from Bangalore"},{"name":"YouAndImpact","comment":"Great initiative "},{"name":"Ranjith Sumathi","comment":"Hi sir i have registered for hackathon to much waited for JS stack now it's make more excited so I have professional experience  but I don't see my GitHub will expose my knowledge.will be i get shortlisted ?"},{"name":"Kishan Gopal Modi","comment":"Hello sir, i have worked on the react only, and Don't have any experience with react navtive or native base.\n\nAm i eligible for this hackathon?"},{"name":"AV Gaming","comment":"Amazing "},{"name":"Sunny Dhanwani","comment":"Excited for Hackathon!"},{"name":"MANJU SHUKLA","comment":"Some online hackathons please..."},{"name":"PRADEEP THITE","comment":"Are you streaming this hackathon. As many of us can't come to Bangalore.."},{"name":"Max Programming","comment":"Let's hope I get shortlisted on this one !"},{"name":"Yash Nirmal","comment":"Come on sir, do a onli Hackathon"},{"name":"sagar","comment":"Hyped!!!"},{"name":"codelessness","comment":"Sir what if some one cant come,?? Can we join online??"},{"name":"Patel Ronak","comment":""},{"name":"Anirudh","comment":""},{"name":"MUTHU VALLI 3","comment":"First HITESH SIR..."},{"name":"Yash","comment":"Everyday new excitement"},{"name":"Abu Zubaer","comment":"can join online?"},{"name":"Ujjwal singh","comment":"location please!"},{"name":"Shoaib Bad Shah","comment":"how to bring these type of hackathon to Pakistan ??? anyone"},{"name":"Travellers Seek","comment":"Hitesh sir, one heart please"},{"name":"Abhishek Khatana","comment":"sir ye hackathon online hoga ya offline?"},{"name":"Srini cnu","comment":"sir, I have enrolled in full-stack js  developer Bootcamp can I request you to start showing assignments from this month only I feel bored learning new things  wanna build something\n\nPlease do not take it serious sir  i am just a kid"},{"name":"Ajay Kumar","comment":"Anybody ready to team up?"},{"name":"Rohan Agrawal","comment":"Second sir"},{"name":"Ashish Kumar Saini","comment":"Love NativeBase, hopefully get a chance to meet native base team someday \ud83e\udd79"},{"name":"Ayan Khan","comment":"Waiting for the day when hitesh sir will host a Hackathon in Delhi "},{"name":"Paras Chauhan","comment":"function myFunc () {\n    console.log('hello');\n}\n\/\/ myFunc();                             \/\/don't give undefined\nRead more"}],"24":[{"name":"shaquib khan","comment":"What a down-to-earth person he is.\nIt was a pleasure to devote my 32 minutes to hearing these two gentlemen."},{"name":"Ranger boi","comment":"As a person who loves to make experimental projects everyday on a regular FastAPI really speeds up the development process :)"},{"name":"Atharva Kulkarni","comment":"I missed this man. I'm a big fan of this guy. Great contribution. His tech and your tutorial made it possible for me to backend developement."},{"name":"Rudrakshya Barman","comment":"Glad to see him, he is really humble awesome."},{"name":"Shantonu Chowdhury","comment":"I love this man.. thank you Hitesh sir give an opportunity to get a brife  conversation with Sebasti\u00e1n Ram\u00edrez Monta\u00f1o... thank you"},{"name":"StockV","comment":"wow, his mustache looks like rajput's mustache. bcz i'm also a Rajput. But yeah both of you are amazing. A infinite amount +ve energy.\nAnd a lot motivation. greet and thank you hitesh bhaiya. You are my best montor at youtube platform for web development."},{"name":"dhanush holla","comment":"Great content \ufe0f"},{"name":"Achana Naga Durga Prasad","comment":"Sir when are the JavaScript clases going to resume on YouTube "},{"name":"Jayesh Pathak","comment":"Great i am just start using fastapi and meet the inventor !!!   I have one query if you can help. I want to use graphql with fast api ( graphene ) with mysql and the same mysql django project is setup.   is it possible ? e.g. I create one django project dockerized it and then add fast api with graphql with common mysql connection"},{"name":"vamshi goud","comment":"I am currently completed my ug degree (bsc in computer science).so am interest in artificial intelligence. How to do msc in artificial intelligence in iit's Or other university. What are the entrance exams. Can you plz tell the process. It's more important to me..."},{"name":"Sunil Poonia","comment":"Always Great\ufe0f\ufe0f"},{"name":"Vlogger Abhi","comment":"Sir i also want to learn coding frm you help me."},{"name":"KUMAR SARVESH","comment":"love this!"},{"name":"dhanush holla","comment":"Got insights about fastapi.... Will try to solve 1 problem at a time here after "},{"name":"Moneesh Kumar","comment":"Great to see Hitesh and Sebasti\u00e1n"},{"name":"Namaste coders","comment":"Great "},{"name":"Nabajyoti Borah","comment":"Hi guys , it's Nabajyoti here , whose LinkedIn question is asked  feeling proud "},{"name":"Anirudh","comment":""},{"name":"Swapnil Bose","comment":"Ahhaaaaaaaa!! Bangali YouTuber mone hochhe?? Jodi hai tahole Dada Khub valo laglo eto boro Bangali Tech YouTuber ke peye. Ar Dada Tumi kothai thako?"},{"name":"Sadaf Shaheen","comment":"nice"},{"name":"UI Monk","comment":"Sabastin, fan of your moustache.. cheers"}],"25":[{"name":"24_Charukirti Chougule","comment":"Writing code every day to build more stuff. Thanks to your videos "},{"name":"Code Endeavor","comment":"To the next level - Hitesh sir - the voice of encouragement"},{"name":"Rishi Raj","comment":"Exzellent work!\nVery impressive and inspiring video"},{"name":"Qwerty Ali","comment":"Yes, #iwritecode all thanks to you sir. :)"},{"name":"","comment":"Baday bhaiya always OP! \n#iwritecode"},{"name":"Amit Kumar","comment":"#iwritecode on top high label..I can imagine a big change is going on"},{"name":"Srini cnu","comment":"Hello sir I am in 8th grade my name is akash is there any chance to update FSJS bootcamp video.\n\nSir after the bootcamp can you suggest what I could probably do"},{"name":"Umang Pincha","comment":"Yes hitesh sir , working on hackathon project , write more core -> build more stuff"},{"name":"Shubham Shubham","comment":"Completed the Hackathon Project Code. Working on the explanation for the video. I write code."},{"name":"Raushan Kumar","comment":"Unique as always"},{"name":"Ankur Saini","comment":"Please make a Video on Hexagonal Architecture"},{"name":"Chita mAR'S","comment":"Absolutely Good. \u0964"},{"name":"Himanshu Kumar","comment":"Video & Audio quality is "},{"name":"Abhimanyu Malik","comment":"I write code "},{"name":"Prathap Reddy","comment":"I write Code "},{"name":"mayank kashyap","comment":"yes i#iwritecode all thank to hitesh sir"},{"name":"Nikhil","comment":"I write code "},{"name":"Anirudh","comment":"#iwritecode"},{"name":"Kumar Amresh","comment":"some awesome projects built by me :-\n  Figma clone :- https:\/\/www.youtube.com\/watch?v=rqtKGGTlQC4\n  Ludo :- https:\/\/www.youtube.com\/watch?v=NANSV7pPtRY\nI have also built many other great projects, but I am proud of these two and I like to flaunt them everywhere "},{"name":"secureITmania","comment":"As IT security researcher I debug code "}],"26":[],"27":[],"28":[],"29":[],"30":[],"31":[],"32":[],"33":[],"34":[],"35":[],"36":[],"37":[],"38":[]},"id":{"0":"_gg5_gFP0gQ","1":"b595GUmBOQ4","2":"7F2LkS3jpPA","3":"de6Q0I4yMI8","4":"g-0k8syANzI","5":"JjWRNtBorMw","6":"RDZeIFSdNdQ","7":"Wl_t3Qj_3rk","8":"jkngyZjRETs","9":"IiqhMNPWGEs","10":"5aTjC_f0PM0","11":"-1rEsrEau7I","12":"gEIP87k75aU","13":"rp56yKfIkmo","14":"PFrOxB5NyJw","15":"d23I96P22BA","16":"_8S0b9HhI2Y","17":"kt9Zh1uz63o","18":"LOjU3jWiXtI","19":"FSNE3gZaTIw","20":"4TETGIyvfS4","21":"Kr-2KprTbc0","22":"c_x9izckxBk","23":"GrF_CJRCDsk","24":"6m0amaGV1ak","25":"NCZwoMcgk50","26":"mShc1lOYXvU","27":"cMMCz3C1E7A","28":"pOqT7yczlj4","29":"s1WQ0eEpqqg","30":"JrZfUktGano","31":"Ji0lePu7NX0","32":"Yz1CsZVS6FQ","33":"3vs-gk9evzw","34":"KaND-BQ62II","35":"qcIotzhNLDU","36":"nAeFbJ_EXOo","37":"nSbxyFQaLk8","38":"O6-6VfPBNjE"}}